Index,Buy_315,Notrade_0,Notrade_45,Sell_90,SL1,Buy_135,Notrade_180,Notrade_225,Sell_270,SL2
1,,2,3,4,4.5,5,6,7,8,8.5
2,9.0,11,13,15,16.0,17,19,21,23,24.0
3,25.0,28,31,34,35.5,37,40,43,46,47.5
4,49.0,53,57,61,63.0,65,69,73,77,79.0
5,81.0,86,91,96,98.5,101,106,111,116,118.5
6,121.0,127,133,139,142.0,145,151,157,163,166.0
7,169.0,176,183,190,193.5,197,204,211,218,221.5
8,225.0,233,241,249,253.0,257,265,273,281,285.0
9,289.0,298,307,316,320.5,325,334,343,352,356.5
10,361.0,371,381,391,396.0,401,411,421,431,436.0
11,441.0,452,463,474,479.5,485,496,507,518,523.5
12,529.0,541,553,565,571.0,577,589,601,613,619.0
13,625.0,638,651,664,670.5,677,690,703,716,722.5
14,729.0,743,757,771,778.0,785,799,813,827,834.0
15,841.0,856,871,886,893.5,901,916,931,946,953.5
16,961.0,977,993,1009,1017.0,1025,1041,1057,1073,1081.0
17,1089.0,1106,1123,1140,1148.5,1157,1174,1191,1208,1216.5
18,1225.0,1243,1261,1279,1288.0,1297,1315,1333,1351,1360.0
19,1369.0,1388,1407,1426,1435.5,1445,1464,1483,1502,1511.5
20,1521.0,1541,1561,1581,1591.0,1601,1621,1641,1661,1671.0
21,1681.0,1702,1723,1744,1754.5,1765,1786,1807,1828,1838.5
22,1849.0,1871,1893,1915,1926.0,1937,1959,1981,2003,2014.0
23,2025.0,2048,2071,2094,2105.5,2117,2140,2163,2186,2197.5
24,2209.0,2233,2257,2281,2293.0,2305,2329,2353,2377,2389.0
25,2401.0,2426,2451,2476,2488.5,2501,2526,2551,2576,2588.5
26,2601.0,2627,2653,2679,2692.0,2705,2731,2757,2783,2796.0
27,2809.0,2836,2863,2890,2903.5,2917,2944,2971,2998,3011.5
28,3025.0,3053,3081,3109,3123.0,3137,3165,3193,3221,3235.0
29,3249.0,3278,3307,3336,3350.5,3365,3394,3423,3452,3466.5
30,3481.0,3511,3541,3571,3586.0,3601,3631,3661,3691,3706.0
31,3721.0,3752,3783,3814,3829.5,3845,3876,3907,3938,3953.5
32,3969.0,4001,4033,4065,4081.0,4097,4129,4161,4193,4209.0
33,4225.0,4258,4291,4324,4340.5,4357,4390,4423,4456,4472.5
34,4489.0,4523,4557,4591,4608.0,4625,4659,4693,4727,4744.0
35,4761.0,4796,4831,4866,4883.5,4901,4936,4971,5006,5023.5
36,5041.0,5077,5113,5149,5167.0,5185,5221,5257,5293,5311.0
37,5329.0,5366,5403,5440,5458.5,5477,5514,5551,5588,5606.5
38,5625.0,5663,5701,5739,5758.0,5777,5815,5853,5891,5910.0
39,5929.0,5968,6007,6046,6065.5,6085,6124,6163,6202,6221.5
40,6241.0,6281,6321,6361,6381.0,6401,6441,6481,6521,6541.0
41,6561.0,6602,6643,6684,6704.5,6725,6766,6807,6848,6868.5
42,6889.0,6931,6973,7015,7036.0,7057,7099,7141,7183,7204.0
43,7225.0,7268,7311,7354,7375.5,7397,7440,7483,7526,7547.5
44,7569.0,7613,7657,7701,7723.0,7745,7789,7833,7877,7899.0
45,7921.0,7966,8011,8056,8078.5,8101,8146,8191,8236,8258.5
46,8281.0,8327,8373,8419,8442.0,8465,8511,8557,8603,8626.0
47,8649.0,8696,8743,8790,8813.5,8837,8884,8931,8978,9001.5
48,9025.0,9073,9121,9169,9193.0,9217,9265,9313,9361,9385.0
49,9409.0,9458,9507,9556,9580.5,9605,9654,9703,9752,9776.5
50,9801.0,9851,9901,9951,9976.0,10001,10051,10101,10151,10176.0
51,10201.0,10252,10303,10354,10379.5,10405,10456,10507,10558,10583.5
52,10609.0,10661,10713,10765,10791.0,10817,10869,10921,10973,10999.0
53,11025.0,11078,11131,11184,11210.5,11237,11290,11343,11396,11422.5
54,11449.0,11503,11557,11611,11638.0,11665,11719,11773,11827,11854.0
55,11881.0,11936,11991,12046,12073.5,12101,12156,12211,12266,12293.5
56,12321.0,12377,12433,12489,12517.0,12545,12601,12657,12713,12741.0
57,12769.0,12826,12883,12940,12968.5,12997,13054,13111,13168,13196.5
58,13225.0,13283,13341,13399,13428.0,13457,13515,13573,13631,13660.0
59,13689.0,13748,13807,13866,13895.5,13925,13984,14043,14102,14131.5
60,14161.0,14221,14281,14341,14371.0,14401,14461,14521,14581,14611.0
61,14641.0,14702,14763,14824,14854.5,14885,14946,15007,15068,15098.5
62,15129.0,15191,15253,15315,15346.0,15377,15439,15501,15563,15594.0
63,15625.0,15688,15751,15814,15845.5,15877,15940,16003,16066,16097.5
64,16129.0,16193,16257,16321,16353.0,16385,16449,16513,16577,16609.0
65,16641.0,16706,16771,16836,16868.5,16901,16966,17031,17096,17128.5
66,17161.0,17227,17293,17359,17392.0,17425,17491,17557,17623,17656.0
67,17689.0,17756,17823,17890,17923.5,17957,18024,18091,18158,18191.5
68,18225.0,18293,18361,18429,18463.0,18497,18565,18633,18701,18735.0
69,18769.0,18838,18907,18976,19010.5,19045,19114,19183,19252,19286.5
70,19321.0,19391,19461,19531,19566.0,19601,19671,19741,19811,19846.0
71,19881.0,19952,20023,20094,20129.5,20165,20236,20307,20378,20413.5
72,20449.0,20521,20593,20665,20701.0,20737,20809,20881,20953,20989.0
73,21025.0,21098,21171,21244,21280.5,21317,21390,21463,21536,21572.5
74,21609.0,21683,21757,21831,21868.0,21905,21979,22053,22127,22164.0
75,22201.0,22276,22351,22426,22463.5,22501,22576,22651,22726,22763.5
76,22801.0,22877,22953,23029,23067.0,23105,23181,23257,23333,23371.0
77,23409.0,23486,23563,23640,23678.5,23717,23794,23871,23948,23986.5
78,24025.0,24103,24181,24259,24298.0,24337,24415,24493,24571,24610.0
79,24649.0,24728,24807,24886,24925.5,24965,25044,25123,25202,25241.5
80,25281.0,25361,25441,25521,25561.0,25601,25681,25761,25841,25881.0
81,25921.0,26002,26083,26164,26204.5,26245,26326,26407,26488,26528.5
82,26569.0,26651,26733,26815,26856.0,26897,26979,27061,27143,27184.0
83,27225.0,27308,27391,27474,27515.5,27557,27640,27723,27806,27847.5
84,27889.0,27973,28057,28141,28183.0,28225,28309,28393,28477,28519.0
85,28561.0,28646,28731,28816,28858.5,28901,28986,29071,29156,29198.5
86,29241.0,29327,29413,29499,29542.0,29585,29671,29757,29843,29886.0
87,29929.0,30016,30103,30190,30233.5,30277,30364,30451,30538,30581.5
88,30625.0,30713,30801,30889,30933.0,30977,31065,31153,31241,31285.0
89,31329.0,31418,31507,31596,31640.5,31685,31774,31863,31952,31996.5
90,32041.0,32131,32221,32311,32356.0,32401,32491,32581,32671,32716.0
91,32761.0,32852,32943,33034,33079.5,33125,33216,33307,33398,33443.5
92,33489.0,33581,33673,33765,33811.0,33857,33949,34041,34133,34179.0
93,34225.0,34318,34411,34504,34550.5,34597,34690,34783,34876,34922.5
94,34969.0,35063,35157,35251,35298.0,35345,35439,35533,35627,35674.0
95,35721.0,35816,35911,36006,36053.5,36101,36196,36291,36386,36433.5
96,36481.0,36577,36673,36769,36817.0,36865,36961,37057,37153,37201.0
97,37249.0,37346,37443,37540,37588.5,37637,37734,37831,37928,37976.5
98,38025.0,38123,38221,38319,38368.0,38417,38515,38613,38711,38760.0
99,38809.0,38908,39007,39106,39155.5,39205,39304,39403,39502,39551.5
100,39601.0,39701,39801,39901,39951.0,40001,40101,40201,40301,40351.0
101,40401.0,40502,40603,40704,40754.5,40805,40906,41007,41108,41158.5
102,41209.0,41311,41413,41515,41566.0,41617,41719,41821,41923,41974.0
103,42025.0,42128,42231,42334,42385.5,42437,42540,42643,42746,42797.5
104,42849.0,42953,43057,43161,43213.0,43265,43369,43473,43577,43629.0
105,43681.0,43786,43891,43996,44048.5,44101,44206,44311,44416,44468.5
106,44521.0,44627,44733,44839,44892.0,44945,45051,45157,45263,45316.0
107,45369.0,45476,45583,45690,45743.5,45797,45904,46011,46118,46171.5
108,46225.0,46333,46441,46549,46603.0,46657,46765,46873,46981,47035.0
109,47089.0,47198,47307,47416,47470.5,47525,47634,47743,47852,47906.5
110,47961.0,48071,48181,48291,48346.0,48401,48511,48621,48731,48786.0
111,48841.0,48952,49063,49174,49229.5,49285,49396,49507,49618,49673.5
112,49729.0,49841,49953,50065,50121.0,50177,50289,50401,50513,50569.0
113,50625.0,50738,50851,50964,51020.5,51077,51190,51303,51416,51472.5
114,51529.0,51643,51757,51871,51928.0,51985,52099,52213,52327,52384.0
115,52441.0,52556,52671,52786,52843.5,52901,53016,53131,53246,53303.5
116,53361.0,53477,53593,53709,53767.0,53825,53941,54057,54173,54231.0
117,54289.0,54406,54523,54640,54698.5,54757,54874,54991,55108,55166.5
118,55225.0,55343,55461,55579,55638.0,55697,55815,55933,56051,56110.0
119,56169.0,56288,56407,56526,56585.5,56645,56764,56883,57002,57061.5
120,57121.0,57241,57361,57481,57541.0,57601,57721,57841,57961,58021.0
121,58081.0,58202,58323,58444,58504.5,58565,58686,58807,58928,58988.5
122,59049.0,59171,59293,59415,59476.0,59537,59659,59781,59903,59964.0
123,60025.0,60148,60271,60394,60455.5,60517,60640,60763,60886,60947.5
124,61009.0,61133,61257,61381,61443.0,61505,61629,61753,61877,61939.0
125,62001.0,62126,62251,62376,62438.5,62501,62626,62751,62876,62938.5
126,63001.0,63127,63253,63379,63442.0,63505,63631,63757,63883,63946.0
127,64009.0,64136,64263,64390,64453.5,64517,64644,64771,64898,64961.5
128,65025.0,65153,65281,65409,65473.0,65537,65665,65793,65921,65985.0
129,66049.0,66178,66307,66436,66500.5,66565,66694,66823,66952,67016.5
130,67081.0,67211,67341,67471,67536.0,67601,67731,67861,67991,68056.0
131,68121.0,68252,68383,68514,68579.5,68645,68776,68907,69038,69103.5
132,69169.0,69301,69433,69565,69631.0,69697,69829,69961,70093,70159.0
133,70225.0,70358,70491,70624,70690.5,70757,70890,71023,71156,71222.5
134,71289.0,71423,71557,71691,71758.0,71825,71959,72093,72227,72294.0
135,72361.0,72496,72631,72766,72833.5,72901,73036,73171,73306,73373.5
136,73441.0,73577,73713,73849,73917.0,73985,74121,74257,74393,74461.0
137,74529.0,74666,74803,74940,75008.5,75077,75214,75351,75488,75556.5
138,75625.0,75763,75901,76039,76108.0,76177,76315,76453,76591,76660.0
139,76729.0,76868,77007,77146,77215.5,77285,77424,77563,77702,77771.5
140,77841.0,77981,78121,78261,78331.0,78401,78541,78681,78821,78891.0
141,78961.0,79102,79243,79384,79454.5,79525,79666,79807,79948,80018.5
142,80089.0,80231,80373,80515,80586.0,80657,80799,80941,81083,81154.0
143,81225.0,81368,81511,81654,81725.5,81797,81940,82083,82226,82297.5
144,82369.0,82513,82657,82801,82873.0,82945,83089,83233,83377,83449.0
145,83521.0,83666,83811,83956,84028.5,84101,84246,84391,84536,84608.5
146,84681.0,84827,84973,85119,85192.0,85265,85411,85557,85703,85776.0
147,85849.0,85996,86143,86290,86363.5,86437,86584,86731,86878,86951.5
148,87025.0,87173,87321,87469,87543.0,87617,87765,87913,88061,88135.0
149,88209.0,88358,88507,88656,88730.5,88805,88954,89103,89252,89326.5
150,89401.0,89551,89701,89851,89926.0,90001,90151,90301,90451,90526.0
151,90601.0,90752,90903,91054,91129.5,91205,91356,91507,91658,91733.5
152,91809.0,91961,92113,92265,92341.0,92417,92569,92721,92873,92949.0
153,93025.0,93178,93331,93484,93560.5,93637,93790,93943,94096,94172.5
154,94249.0,94403,94557,94711,94788.0,94865,95019,95173,95327,95404.0
155,95481.0,95636,95791,95946,96023.5,96101,96256,96411,96566,96643.5
156,96721.0,96877,97033,97189,97267.0,97345,97501,97657,97813,97891.0
157,97969.0,98126,98283,98440,98518.5,98597,98754,98911,99068,99146.5
158,99225.0,99383,99541,99699,99778.0,99857,100015,100173,100331,100410.0
159,100489.0,100648,100807,100966,101045.5,101125,101284,101443,101602,101681.5
160,101761.0,101921,102081,102241,102321.0,102401,102561,102721,102881,102961.0
161,103041.0,103202,103363,103524,103604.5,103685,103846,104007,104168,104248.5
162,104329.0,104491,104653,104815,104896.0,104977,105139,105301,105463,105544.0
163,105625.0,105788,105951,106114,106195.5,106277,106440,106603,106766,106847.5
164,106929.0,107093,107257,107421,107503.0,107585,107749,107913,108077,108159.0
165,108241.0,108406,108571,108736,108818.5,108901,109066,109231,109396,109478.5
166,109561.0,109727,109893,110059,110142.0,110225,110391,110557,110723,110806.0
167,110889.0,111056,111223,111390,111473.5,111557,111724,111891,112058,112141.5
168,112225.0,112393,112561,112729,112813.0,112897,113065,113233,113401,113485.0
169,113569.0,113738,113907,114076,114160.5,114245,114414,114583,114752,114836.5
170,114921.0,115091,115261,115431,115516.0,115601,115771,115941,116111,116196.0
171,116281.0,116452,116623,116794,116879.5,116965,117136,117307,117478,117563.5
172,117649.0,117821,117993,118165,118251.0,118337,118509,118681,118853,118939.0
173,119025.0,119198,119371,119544,119630.5,119717,119890,120063,120236,120322.5
174,120409.0,120583,120757,120931,121018.0,121105,121279,121453,121627,121714.0
175,121801.0,121976,122151,122326,122413.5,122501,122676,122851,123026,123113.5
176,123201.0,123377,123553,123729,123817.0,123905,124081,124257,124433,124521.0
177,124609.0,124786,124963,125140,125228.5,125317,125494,125671,125848,125936.5
178,126025.0,126203,126381,126559,126648.0,126737,126915,127093,127271,127360.0
179,127449.0,127628,127807,127986,128075.5,128165,128344,128523,128702,128791.5
180,128881.0,129061,129241,129421,129511.0,129601,129781,129961,130141,130231.0
181,130321.0,130502,130683,130864,130954.5,131045,131226,131407,131588,131678.5
182,131769.0,131951,132133,132315,132406.0,132497,132679,132861,133043,133134.0
183,133225.0,133408,133591,133774,133865.5,133957,134140,134323,134506,134597.5
184,134689.0,134873,135057,135241,135333.0,135425,135609,135793,135977,136069.0
185,136161.0,136346,136531,136716,136808.5,136901,137086,137271,137456,137548.5
186,137641.0,137827,138013,138199,138292.0,138385,138571,138757,138943,139036.0
187,139129.0,139316,139503,139690,139783.5,139877,140064,140251,140438,140531.5
188,140625.0,140813,141001,141189,141283.0,141377,141565,141753,141941,142035.0
189,142129.0,142318,142507,142696,142790.5,142885,143074,143263,143452,143546.5
190,143641.0,143831,144021,144211,144306.0,144401,144591,144781,144971,145066.0
191,145161.0,145352,145543,145734,145829.5,145925,146116,146307,146498,146593.5
192,146689.0,146881,147073,147265,147361.0,147457,147649,147841,148033,148129.0
193,148225.0,148418,148611,148804,148900.5,148997,149190,149383,149576,149672.5
194,149769.0,149963,150157,150351,150448.0,150545,150739,150933,151127,151224.0
195,151321.0,151516,151711,151906,152003.5,152101,152296,152491,152686,152783.5
196,152881.0,153077,153273,153469,153567.0,153665,153861,154057,154253,154351.0
197,154449.0,154646,154843,155040,155138.5,155237,155434,155631,155828,155926.5
198,156025.0,156223,156421,156619,156718.0,156817,157015,157213,157411,157510.0
199,157609.0,157808,158007,158206,158305.5,158405,158604,158803,159002,159101.5
200,159201.0,159401,159601,159801,159901.0,160001,160201,160401,160601,160701.0
201,160801.0,161002,161203,161404,161504.5,161605,161806,162007,162208,162308.5
202,162409.0,162611,162813,163015,163116.0,163217,163419,163621,163823,163924.0
203,164025.0,164228,164431,164634,164735.5,164837,165040,165243,165446,165547.5
204,165649.0,165853,166057,166261,166363.0,166465,166669,166873,167077,167179.0
205,167281.0,167486,167691,167896,167998.5,168101,168306,168511,168716,168818.5
206,168921.0,169127,169333,169539,169642.0,169745,169951,170157,170363,170466.0
207,170569.0,170776,170983,171190,171293.5,171397,171604,171811,172018,172121.5
208,172225.0,172433,172641,172849,172953.0,173057,173265,173473,173681,173785.0
209,173889.0,174098,174307,174516,174620.5,174725,174934,175143,175352,175456.5
210,175561.0,175771,175981,176191,176296.0,176401,176611,176821,177031,177136.0
211,177241.0,177452,177663,177874,177979.5,178085,178296,178507,178718,178823.5
212,178929.0,179141,179353,179565,179671.0,179777,179989,180201,180413,180519.0
213,180625.0,180838,181051,181264,181370.5,181477,181690,181903,182116,182222.5
214,182329.0,182543,182757,182971,183078.0,183185,183399,183613,183827,183934.0
215,184041.0,184256,184471,184686,184793.5,184901,185116,185331,185546,185653.5
216,185761.0,185977,186193,186409,186517.0,186625,186841,187057,187273,187381.0
217,187489.0,187706,187923,188140,188248.5,188357,188574,188791,189008,189116.5
218,189225.0,189443,189661,189879,189988.0,190097,190315,190533,190751,190860.0
219,190969.0,191188,191407,191626,191735.5,191845,192064,192283,192502,192611.5
220,192721.0,192941,193161,193381,193491.0,193601,193821,194041,194261,194371.0
221,194481.0,194702,194923,195144,195254.5,195365,195586,195807,196028,196138.5
222,196249.0,196471,196693,196915,197026.0,197137,197359,197581,197803,197914.0
223,198025.0,198248,198471,198694,198805.5,198917,199140,199363,199586,199697.5
224,199809.0,200033,200257,200481,200593.0,200705,200929,201153,201377,201489.0
225,201601.0,201826,202051,202276,202388.5,202501,202726,202951,203176,203288.5
226,203401.0,203627,203853,204079,204192.0,204305,204531,204757,204983,205096.0
227,205209.0,205436,205663,205890,206003.5,206117,206344,206571,206798,206911.5
228,207025.0,207253,207481,207709,207823.0,207937,208165,208393,208621,208735.0
229,208849.0,209078,209307,209536,209650.5,209765,209994,210223,210452,210566.5
230,210681.0,210911,211141,211371,211486.0,211601,211831,212061,212291,212406.0
231,212521.0,212752,212983,213214,213329.5,213445,213676,213907,214138,214253.5
232,214369.0,214601,214833,215065,215181.0,215297,215529,215761,215993,216109.0
233,216225.0,216458,216691,216924,217040.5,217157,217390,217623,217856,217972.5
234,218089.0,218323,218557,218791,218908.0,219025,219259,219493,219727,219844.0
235,219961.0,220196,220431,220666,220783.5,220901,221136,221371,221606,221723.5
236,221841.0,222077,222313,222549,222667.0,222785,223021,223257,223493,223611.0
237,223729.0,223966,224203,224440,224558.5,224677,224914,225151,225388,225506.5
238,225625.0,225863,226101,226339,226458.0,226577,226815,227053,227291,227410.0
239,227529.0,227768,228007,228246,228365.5,228485,228724,228963,229202,229321.5
240,229441.0,229681,229921,230161,230281.0,230401,230641,230881,231121,231241.0
241,231361.0,231602,231843,232084,232204.5,232325,232566,232807,233048,233168.5
242,233289.0,233531,233773,234015,234136.0,234257,234499,234741,234983,235104.0
243,235225.0,235468,235711,235954,236075.5,236197,236440,236683,236926,237047.5
244,237169.0,237413,237657,237901,238023.0,238145,238389,238633,238877,238999.0
245,239121.0,239366,239611,239856,239978.5,240101,240346,240591,240836,240958.5
246,241081.0,241327,241573,241819,241942.0,242065,242311,242557,242803,242926.0
247,243049.0,243296,243543,243790,243913.5,244037,244284,244531,244778,244901.5
248,245025.0,245273,245521,245769,245893.0,246017,246265,246513,246761,246885.0
249,247009.0,247258,247507,247756,247880.5,248005,248254,248503,248752,248876.5
250,249001.0,249251,249501,249751,249876.0,250001,250251,250501,250751,250876.0
251,251001.0,251252,251503,251754,251879.5,252005,252256,252507,252758,252883.5
252,253009.0,253261,253513,253765,253891.0,254017,254269,254521,254773,254899.0
253,255025.0,255278,255531,255784,255910.5,256037,256290,256543,256796,256922.5
254,257049.0,257303,257557,257811,257938.0,258065,258319,258573,258827,258954.0
255,259081.0,259336,259591,259846,259973.5,260101,260356,260611,260866,260993.5
256,261121.0,261377,261633,261889,262017.0,262145,262401,262657,262913,263041.0
257,263169.0,263426,263683,263940,264068.5,264197,264454,264711,264968,265096.5
258,265225.0,265483,265741,265999,266128.0,266257,266515,266773,267031,267160.0
259,267289.0,267548,267807,268066,268195.5,268325,268584,268843,269102,269231.5
260,269361.0,269621,269881,270141,270271.0,270401,270661,270921,271181,271311.0
261,271441.0,271702,271963,272224,272354.5,272485,272746,273007,273268,273398.5
262,273529.0,273791,274053,274315,274446.0,274577,274839,275101,275363,275494.0
263,275625.0,275888,276151,276414,276545.5,276677,276940,277203,277466,277597.5
264,277729.0,277993,278257,278521,278653.0,278785,279049,279313,279577,279709.0
265,279841.0,280106,280371,280636,280768.5,280901,281166,281431,281696,281828.5
266,281961.0,282227,282493,282759,282892.0,283025,283291,283557,283823,283956.0
267,284089.0,284356,284623,284890,285023.5,285157,285424,285691,285958,286091.5
268,286225.0,286493,286761,287029,287163.0,287297,287565,287833,288101,288235.0
269,288369.0,288638,288907,289176,289310.5,289445,289714,289983,290252,290386.5
270,290521.0,290791,291061,291331,291466.0,291601,291871,292141,292411,292546.0
271,292681.0,292952,293223,293494,293629.5,293765,294036,294307,294578,294713.5
272,294849.0,295121,295393,295665,295801.0,295937,296209,296481,296753,296889.0
273,297025.0,297298,297571,297844,297980.5,298117,298390,298663,298936,299072.5
274,299209.0,299483,299757,300031,300168.0,300305,300579,300853,301127,301264.0
275,301401.0,301676,301951,302226,302363.5,302501,302776,303051,303326,303463.5
276,303601.0,303877,304153,304429,304567.0,304705,304981,305257,305533,305671.0
277,305809.0,306086,306363,306640,306778.5,306917,307194,307471,307748,307886.5
278,308025.0,308303,308581,308859,308998.0,309137,309415,309693,309971,310110.0
279,310249.0,310528,310807,311086,311225.5,311365,311644,311923,312202,312341.5
280,312481.0,312761,313041,313321,313461.0,313601,313881,314161,314441,314581.0
281,314721.0,315002,315283,315564,315704.5,315845,316126,316407,316688,316828.5
282,316969.0,317251,317533,317815,317956.0,318097,318379,318661,318943,319084.0
283,319225.0,319508,319791,320074,320215.5,320357,320640,320923,321206,321347.5
284,321489.0,321773,322057,322341,322483.0,322625,322909,323193,323477,323619.0
285,323761.0,324046,324331,324616,324758.5,324901,325186,325471,325756,325898.5
286,326041.0,326327,326613,326899,327042.0,327185,327471,327757,328043,328186.0
287,328329.0,328616,328903,329190,329333.5,329477,329764,330051,330338,330481.5
288,330625.0,330913,331201,331489,331633.0,331777,332065,332353,332641,332785.0
289,332929.0,333218,333507,333796,333940.5,334085,334374,334663,334952,335096.5
290,335241.0,335531,335821,336111,336256.0,336401,336691,336981,337271,337416.0
291,337561.0,337852,338143,338434,338579.5,338725,339016,339307,339598,339743.5
292,339889.0,340181,340473,340765,340911.0,341057,341349,341641,341933,342079.0
293,342225.0,342518,342811,343104,343250.5,343397,343690,343983,344276,344422.5
294,344569.0,344863,345157,345451,345598.0,345745,346039,346333,346627,346774.0
295,346921.0,347216,347511,347806,347953.5,348101,348396,348691,348986,349133.5
296,349281.0,349577,349873,350169,350317.0,350465,350761,351057,351353,351501.0
297,351649.0,351946,352243,352540,352688.5,352837,353134,353431,353728,353876.5
298,354025.0,354323,354621,354919,355068.0,355217,355515,355813,356111,356260.0
299,356409.0,356708,357007,357306,357455.5,357605,357904,358203,358502,358651.5
300,358801.0,359101,359401,359701,359851.0,360001,360301,360601,360901,361051.0
301,361201.0,361502,361803,362104,362254.5,362405,362706,363007,363308,363458.5
302,363609.0,363911,364213,364515,364666.0,364817,365119,365421,365723,365874.0
303,366025.0,366328,366631,366934,367085.5,367237,367540,367843,368146,368297.5
304,368449.0,368753,369057,369361,369513.0,369665,369969,370273,370577,370729.0
305,370881.0,371186,371491,371796,371948.5,372101,372406,372711,373016,373168.5
306,373321.0,373627,373933,374239,374392.0,374545,374851,375157,375463,375616.0
307,375769.0,376076,376383,376690,376843.5,376997,377304,377611,377918,378071.5
308,378225.0,378533,378841,379149,379303.0,379457,379765,380073,380381,380535.0
309,380689.0,380998,381307,381616,381770.5,381925,382234,382543,382852,383006.5
310,383161.0,383471,383781,384091,384246.0,384401,384711,385021,385331,385486.0
311,385641.0,385952,386263,386574,386729.5,386885,387196,387507,387818,387973.5
312,388129.0,388441,388753,389065,389221.0,389377,389689,390001,390313,390469.0
313,390625.0,390938,391251,391564,391720.5,391877,392190,392503,392816,392972.5
314,393129.0,393443,393757,394071,394228.0,394385,394699,395013,395327,395484.0
315,395641.0,395956,396271,396586,396743.5,396901,397216,397531,397846,398003.5
316,398161.0,398477,398793,399109,399267.0,399425,399741,400057,400373,400531.0
317,400689.0,401006,401323,401640,401798.5,401957,402274,402591,402908,403066.5
318,403225.0,403543,403861,404179,404338.0,404497,404815,405133,405451,405610.0
319,405769.0,406088,406407,406726,406885.5,407045,407364,407683,408002,408161.5
320,408321.0,408641,408961,409281,409441.0,409601,409921,410241,410561,410721.0
321,410881.0,411202,411523,411844,412004.5,412165,412486,412807,413128,413288.5
322,413449.0,413771,414093,414415,414576.0,414737,415059,415381,415703,415864.0
323,416025.0,416348,416671,416994,417155.5,417317,417640,417963,418286,418447.5
324,418609.0,418933,419257,419581,419743.0,419905,420229,420553,420877,421039.0
325,421201.0,421526,421851,422176,422338.5,422501,422826,423151,423476,423638.5
326,423801.0,424127,424453,424779,424942.0,425105,425431,425757,426083,426246.0
327,426409.0,426736,427063,427390,427553.5,427717,428044,428371,428698,428861.5
328,429025.0,429353,429681,430009,430173.0,430337,430665,430993,431321,431485.0
329,431649.0,431978,432307,432636,432800.5,432965,433294,433623,433952,434116.5
330,434281.0,434611,434941,435271,435436.0,435601,435931,436261,436591,436756.0
331,436921.0,437252,437583,437914,438079.5,438245,438576,438907,439238,439403.5
332,439569.0,439901,440233,440565,440731.0,440897,441229,441561,441893,442059.0
333,442225.0,442558,442891,443224,443390.5,443557,443890,444223,444556,444722.5
334,444889.0,445223,445557,445891,446058.0,446225,446559,446893,447227,447394.0
335,447561.0,447896,448231,448566,448733.5,448901,449236,449571,449906,450073.5
336,450241.0,450577,450913,451249,451417.0,451585,451921,452257,452593,452761.0
337,452929.0,453266,453603,453940,454108.5,454277,454614,454951,455288,455456.5
338,455625.0,455963,456301,456639,456808.0,456977,457315,457653,457991,458160.0
339,458329.0,458668,459007,459346,459515.5,459685,460024,460363,460702,460871.5
340,461041.0,461381,461721,462061,462231.0,462401,462741,463081,463421,463591.0
341,463761.0,464102,464443,464784,464954.5,465125,465466,465807,466148,466318.5
342,466489.0,466831,467173,467515,467686.0,467857,468199,468541,468883,469054.0
343,469225.0,469568,469911,470254,470425.5,470597,470940,471283,471626,471797.5
344,471969.0,472313,472657,473001,473173.0,473345,473689,474033,474377,474549.0
345,474721.0,475066,475411,475756,475928.5,476101,476446,476791,477136,477308.5
346,477481.0,477827,478173,478519,478692.0,478865,479211,479557,479903,480076.0
347,480249.0,480596,480943,481290,481463.5,481637,481984,482331,482678,482851.5
348,483025.0,483373,483721,484069,484243.0,484417,484765,485113,485461,485635.0
349,485809.0,486158,486507,486856,487030.5,487205,487554,487903,488252,488426.5
350,488601.0,488951,489301,489651,489826.0,490001,490351,490701,491051,491226.0
351,491401.0,491752,492103,492454,492629.5,492805,493156,493507,493858,494033.5
352,494209.0,494561,494913,495265,495441.0,495617,495969,496321,496673,496849.0
353,497025.0,497378,497731,498084,498260.5,498437,498790,499143,499496,499672.5
354,499849.0,500203,500557,500911,501088.0,501265,501619,501973,502327,502504.0
355,502681.0,503036,503391,503746,503923.5,504101,504456,504811,505166,505343.5
356,505521.0,505877,506233,506589,506767.0,506945,507301,507657,508013,508191.0
357,508369.0,508726,509083,509440,509618.5,509797,510154,510511,510868,511046.5
358,511225.0,511583,511941,512299,512478.0,512657,513015,513373,513731,513910.0
359,514089.0,514448,514807,515166,515345.5,515525,515884,516243,516602,516781.5
360,516961.0,517321,517681,518041,518221.0,518401,518761,519121,519481,519661.0
361,519841.0,520202,520563,520924,521104.5,521285,521646,522007,522368,522548.5
362,522729.0,523091,523453,523815,523996.0,524177,524539,524901,525263,525444.0
363,525625.0,525988,526351,526714,526895.5,527077,527440,527803,528166,528347.5
364,528529.0,528893,529257,529621,529803.0,529985,530349,530713,531077,531259.0
365,531441.0,531806,532171,532536,532718.5,532901,533266,533631,533996,534178.5
366,534361.0,534727,535093,535459,535642.0,535825,536191,536557,536923,537106.0
367,537289.0,537656,538023,538390,538573.5,538757,539124,539491,539858,540041.5
368,540225.0,540593,540961,541329,541513.0,541697,542065,542433,542801,542985.0
369,543169.0,543538,543907,544276,544460.5,544645,545014,545383,545752,545936.5
370,546121.0,546491,546861,547231,547416.0,547601,547971,548341,548711,548896.0
371,549081.0,549452,549823,550194,550379.5,550565,550936,551307,551678,551863.5
372,552049.0,552421,552793,553165,553351.0,553537,553909,554281,554653,554839.0
373,555025.0,555398,555771,556144,556330.5,556517,556890,557263,557636,557822.5
374,558009.0,558383,558757,559131,559318.0,559505,559879,560253,560627,560814.0
375,561001.0,561376,561751,562126,562313.5,562501,562876,563251,563626,563813.5
376,564001.0,564377,564753,565129,565317.0,565505,565881,566257,566633,566821.0
377,567009.0,567386,567763,568140,568328.5,568517,568894,569271,569648,569836.5
378,570025.0,570403,570781,571159,571348.0,571537,571915,572293,572671,572860.0
379,573049.0,573428,573807,574186,574375.5,574565,574944,575323,575702,575891.5
380,576081.0,576461,576841,577221,577411.0,577601,577981,578361,578741,578931.0
381,579121.0,579502,579883,580264,580454.5,580645,581026,581407,581788,581978.5
382,582169.0,582551,582933,583315,583506.0,583697,584079,584461,584843,585034.0
383,585225.0,585608,585991,586374,586565.5,586757,587140,587523,587906,588097.5
384,588289.0,588673,589057,589441,589633.0,589825,590209,590593,590977,591169.0
385,591361.0,591746,592131,592516,592708.5,592901,593286,593671,594056,594248.5
386,594441.0,594827,595213,595599,595792.0,595985,596371,596757,597143,597336.0
387,597529.0,597916,598303,598690,598883.5,599077,599464,599851,600238,600431.5
388,600625.0,601013,601401,601789,601983.0,602177,602565,602953,603341,603535.0
389,603729.0,604118,604507,604896,605090.5,605285,605674,606063,606452,606646.5
390,606841.0,607231,607621,608011,608206.0,608401,608791,609181,609571,609766.0
391,609961.0,610352,610743,611134,611329.5,611525,611916,612307,612698,612893.5
392,613089.0,613481,613873,614265,614461.0,614657,615049,615441,615833,616029.0
393,616225.0,616618,617011,617404,617600.5,617797,618190,618583,618976,619172.5
394,619369.0,619763,620157,620551,620748.0,620945,621339,621733,622127,622324.0
395,622521.0,622916,623311,623706,623903.5,624101,624496,624891,625286,625483.5
396,625681.0,626077,626473,626869,627067.0,627265,627661,628057,628453,628651.0
397,628849.0,629246,629643,630040,630238.5,630437,630834,631231,631628,631826.5
398,632025.0,632423,632821,633219,633418.0,633617,634015,634413,634811,635010.0
399,635209.0,635608,636007,636406,636605.5,636805,637204,637603,638002,638201.5
400,638401.0,638801,639201,639601,639801.0,640001,640401,640801,641201,641401.0
401,641601.0,642002,642403,642804,643004.5,643205,643606,644007,644408,644608.5
402,644809.0,645211,645613,646015,646216.0,646417,646819,647221,647623,647824.0
403,648025.0,648428,648831,649234,649435.5,649637,650040,650443,650846,651047.5
404,651249.0,651653,652057,652461,652663.0,652865,653269,653673,654077,654279.0
405,654481.0,654886,655291,655696,655898.5,656101,656506,656911,657316,657518.5
406,657721.0,658127,658533,658939,659142.0,659345,659751,660157,660563,660766.0
407,660969.0,661376,661783,662190,662393.5,662597,663004,663411,663818,664021.5
408,664225.0,664633,665041,665449,665653.0,665857,666265,666673,667081,667285.0
409,667489.0,667898,668307,668716,668920.5,669125,669534,669943,670352,670556.5
410,670761.0,671171,671581,671991,672196.0,672401,672811,673221,673631,673836.0
411,674041.0,674452,674863,675274,675479.5,675685,676096,676507,676918,677123.5
412,677329.0,677741,678153,678565,678771.0,678977,679389,679801,680213,680419.0
413,680625.0,681038,681451,681864,682070.5,682277,682690,683103,683516,683722.5
414,683929.0,684343,684757,685171,685378.0,685585,685999,686413,686827,687034.0
415,687241.0,687656,688071,688486,688693.5,688901,689316,689731,690146,690353.5
416,690561.0,690977,691393,691809,692017.0,692225,692641,693057,693473,693681.0
417,693889.0,694306,694723,695140,695348.5,695557,695974,696391,696808,697016.5
418,697225.0,697643,698061,698479,698688.0,698897,699315,699733,700151,700360.0
419,700569.0,700988,701407,701826,702035.5,702245,702664,703083,703502,703711.5
420,703921.0,704341,704761,705181,705391.0,705601,706021,706441,706861,707071.0
421,707281.0,707702,708123,708544,708754.5,708965,709386,709807,710228,710438.5
422,710649.0,711071,711493,711915,712126.0,712337,712759,713181,713603,713814.0
423,714025.0,714448,714871,715294,715505.5,715717,716140,716563,716986,717197.5
424,717409.0,717833,718257,718681,718893.0,719105,719529,719953,720377,720589.0
425,720801.0,721226,721651,722076,722288.5,722501,722926,723351,723776,723988.5
426,724201.0,724627,725053,725479,725692.0,725905,726331,726757,727183,727396.0
427,727609.0,728036,728463,728890,729103.5,729317,729744,730171,730598,730811.5
428,731025.0,731453,731881,732309,732523.0,732737,733165,733593,734021,734235.0
429,734449.0,734878,735307,735736,735950.5,736165,736594,737023,737452,737666.5
430,737881.0,738311,738741,739171,739386.0,739601,740031,740461,740891,741106.0
431,741321.0,741752,742183,742614,742829.5,743045,743476,743907,744338,744553.5
432,744769.0,745201,745633,746065,746281.0,746497,746929,747361,747793,748009.0
433,748225.0,748658,749091,749524,749740.5,749957,750390,750823,751256,751472.5
434,751689.0,752123,752557,752991,753208.0,753425,753859,754293,754727,754944.0
435,755161.0,755596,756031,756466,756683.5,756901,757336,757771,758206,758423.5
436,758641.0,759077,759513,759949,760167.0,760385,760821,761257,761693,761911.0
437,762129.0,762566,763003,763440,763658.5,763877,764314,764751,765188,765406.5
438,765625.0,766063,766501,766939,767158.0,767377,767815,768253,768691,768910.0
439,769129.0,769568,770007,770446,770665.5,770885,771324,771763,772202,772421.5
440,772641.0,773081,773521,773961,774181.0,774401,774841,775281,775721,775941.0
441,776161.0,776602,777043,777484,777704.5,777925,778366,778807,779248,779468.5
442,779689.0,780131,780573,781015,781236.0,781457,781899,782341,782783,783004.0
443,783225.0,783668,784111,784554,784775.5,784997,785440,785883,786326,786547.5
444,786769.0,787213,787657,788101,788323.0,788545,788989,789433,789877,790099.0
445,790321.0,790766,791211,791656,791878.5,792101,792546,792991,793436,793658.5
446,793881.0,794327,794773,795219,795442.0,795665,796111,796557,797003,797226.0
447,797449.0,797896,798343,798790,799013.5,799237,799684,800131,800578,800801.5
448,801025.0,801473,801921,802369,802593.0,802817,803265,803713,804161,804385.0
449,804609.0,805058,805507,805956,806180.5,806405,806854,807303,807752,807976.5
450,808201.0,808651,809101,809551,809776.0,810001,810451,810901,811351,811576.0
451,811801.0,812252,812703,813154,813379.5,813605,814056,814507,814958,815183.5
452,815409.0,815861,816313,816765,816991.0,817217,817669,818121,818573,818799.0
453,819025.0,819478,819931,820384,820610.5,820837,821290,821743,822196,822422.5
454,822649.0,823103,823557,824011,824238.0,824465,824919,825373,825827,826054.0
455,826281.0,826736,827191,827646,827873.5,828101,828556,829011,829466,829693.5
456,829921.0,830377,830833,831289,831517.0,831745,832201,832657,833113,833341.0
457,833569.0,834026,834483,834940,835168.5,835397,835854,836311,836768,836996.5
458,837225.0,837683,838141,838599,838828.0,839057,839515,839973,840431,840660.0
459,840889.0,841348,841807,842266,842495.5,842725,843184,843643,844102,844331.5
460,844561.0,845021,845481,845941,846171.0,846401,846861,847321,847781,848011.0
461,848241.0,848702,849163,849624,849854.5,850085,850546,851007,851468,851698.5
462,851929.0,852391,852853,853315,853546.0,853777,854239,854701,855163,855394.0
463,855625.0,856088,856551,857014,857245.5,857477,857940,858403,858866,859097.5
464,859329.0,859793,860257,860721,860953.0,861185,861649,862113,862577,862809.0
465,863041.0,863506,863971,864436,864668.5,864901,865366,865831,866296,866528.5
466,866761.0,867227,867693,868159,868392.0,868625,869091,869557,870023,870256.0
467,870489.0,870956,871423,871890,872123.5,872357,872824,873291,873758,873991.5
468,874225.0,874693,875161,875629,875863.0,876097,876565,877033,877501,877735.0
469,877969.0,878438,878907,879376,879610.5,879845,880314,880783,881252,881486.5
470,881721.0,882191,882661,883131,883366.0,883601,884071,884541,885011,885246.0
471,885481.0,885952,886423,886894,887129.5,887365,887836,888307,888778,889013.5
472,889249.0,889721,890193,890665,890901.0,891137,891609,892081,892553,892789.0
473,893025.0,893498,893971,894444,894680.5,894917,895390,895863,896336,896572.5
474,896809.0,897283,897757,898231,898468.0,898705,899179,899653,900127,900364.0
475,900601.0,901076,901551,902026,902263.5,902501,902976,903451,903926,904163.5
476,904401.0,904877,905353,905829,906067.0,906305,906781,907257,907733,907971.0
477,908209.0,908686,909163,909640,909878.5,910117,910594,911071,911548,911786.5
478,912025.0,912503,912981,913459,913698.0,913937,914415,914893,915371,915610.0
479,915849.0,916328,916807,917286,917525.5,917765,918244,918723,919202,919441.5
480,919681.0,920161,920641,921121,921361.0,921601,922081,922561,923041,923281.0
481,923521.0,924002,924483,924964,925204.5,925445,925926,926407,926888,927128.5
482,927369.0,927851,928333,928815,929056.0,929297,929779,930261,930743,930984.0
483,931225.0,931708,932191,932674,932915.5,933157,933640,934123,934606,934847.5
484,935089.0,935573,936057,936541,936783.0,937025,937509,937993,938477,938719.0
485,938961.0,939446,939931,940416,940658.5,940901,941386,941871,942356,942598.5
486,942841.0,943327,943813,944299,944542.0,944785,945271,945757,946243,946486.0
487,946729.0,947216,947703,948190,948433.5,948677,949164,949651,950138,950381.5
488,950625.0,951113,951601,952089,952333.0,952577,953065,953553,954041,954285.0
489,954529.0,955018,955507,955996,956240.5,956485,956974,957463,957952,958196.5
490,958441.0,958931,959421,959911,960156.0,960401,960891,961381,961871,962116.0
491,962361.0,962852,963343,963834,964079.5,964325,964816,965307,965798,966043.5
492,966289.0,966781,967273,967765,968011.0,968257,968749,969241,969733,969979.0
493,970225.0,970718,971211,971704,971950.5,972197,972690,973183,973676,973922.5
494,974169.0,974663,975157,975651,975898.0,976145,976639,977133,977627,977874.0
495,978121.0,978616,979111,979606,979853.5,980101,980596,981091,981586,981833.5
496,982081.0,982577,983073,983569,983817.0,984065,984561,985057,985553,985801.0
497,986049.0,986546,987043,987540,987788.5,988037,988534,989031,989528,989776.5
498,990025.0,990523,991021,991519,991768.0,992017,992515,993013,993511,993760.0
499,994009.0,994508,995007,995506,995755.5,996005,996504,997003,997502,997751.5
500,998001.0,998501,999001,999501,999751.0,1000001,1000501,1001001,1001501,1001751.0
501,1002001.0,1002502,1003003,1003504,1003754.5,1004005,1004506,1005007,1005508,
