Index,Buy_45,Notrade_90,Notrade_135,Sell_180,SL1,Buy_225,Notrade_270,Notrade_315,Sell_360,SL2
1,3,4,5,6,6.5,7,8,9,11.0,12.0
2,13,15,17,19,20.0,21,23,25,28.0,29.5
3,31,34,37,40,41.5,43,46,49,53.0,55.0
4,57,61,65,69,71.0,73,77,81,86.0,88.5
5,91,96,101,106,108.5,111,116,121,127.0,130.0
6,133,139,145,151,154.0,157,163,169,176.0,179.5
7,183,190,197,204,207.5,211,218,225,233.0,237.0
8,241,249,257,265,269.0,273,281,289,298.0,302.5
9,307,316,325,334,338.5,343,352,361,371.0,376.0
10,381,391,401,411,416.0,421,431,441,452.0,457.5
11,463,474,485,496,501.5,507,518,529,541.0,547.0
12,553,565,577,589,595.0,601,613,625,638.0,644.5
13,651,664,677,690,696.5,703,716,729,743.0,750.0
14,757,771,785,799,806.0,813,827,841,856.0,863.5
15,871,886,901,916,923.5,931,946,961,977.0,985.0
16,993,1009,1025,1041,1049.0,1057,1073,1089,1106.0,1114.5
17,1123,1140,1157,1174,1182.5,1191,1208,1225,1243.0,1252.0
18,1261,1279,1297,1315,1324.0,1333,1351,1369,1388.0,1397.5
19,1407,1426,1445,1464,1473.5,1483,1502,1521,1541.0,1551.0
20,1561,1581,1601,1621,1631.0,1641,1661,1681,1702.0,1712.5
21,1723,1744,1765,1786,1796.5,1807,1828,1849,1871.0,1882.0
22,1893,1915,1937,1959,1970.0,1981,2003,2025,2048.0,2059.5
23,2071,2094,2117,2140,2151.5,2163,2186,2209,2233.0,2245.0
24,2257,2281,2305,2329,2341.0,2353,2377,2401,2426.0,2438.5
25,2451,2476,2501,2526,2538.5,2551,2576,2601,2627.0,2640.0
26,2653,2679,2705,2731,2744.0,2757,2783,2809,2836.0,2849.5
27,2863,2890,2917,2944,2957.5,2971,2998,3025,3053.0,3067.0
28,3081,3109,3137,3165,3179.0,3193,3221,3249,3278.0,3292.5
29,3307,3336,3365,3394,3408.5,3423,3452,3481,3511.0,3526.0
30,3541,3571,3601,3631,3646.0,3661,3691,3721,3752.0,3767.5
31,3783,3814,3845,3876,3891.5,3907,3938,3969,4001.0,4017.0
32,4033,4065,4097,4129,4145.0,4161,4193,4225,4258.0,4274.5
33,4291,4324,4357,4390,4406.5,4423,4456,4489,4523.0,4540.0
34,4557,4591,4625,4659,4676.0,4693,4727,4761,4796.0,4813.5
35,4831,4866,4901,4936,4953.5,4971,5006,5041,5077.0,5095.0
36,5113,5149,5185,5221,5239.0,5257,5293,5329,5366.0,5384.5
37,5403,5440,5477,5514,5532.5,5551,5588,5625,5663.0,5682.0
38,5701,5739,5777,5815,5834.0,5853,5891,5929,5968.0,5987.5
39,6007,6046,6085,6124,6143.5,6163,6202,6241,6281.0,6301.0
40,6321,6361,6401,6441,6461.0,6481,6521,6561,6602.0,6622.5
41,6643,6684,6725,6766,6786.5,6807,6848,6889,6931.0,6952.0
42,6973,7015,7057,7099,7120.0,7141,7183,7225,7268.0,7289.5
43,7311,7354,7397,7440,7461.5,7483,7526,7569,7613.0,7635.0
44,7657,7701,7745,7789,7811.0,7833,7877,7921,7966.0,7988.5
45,8011,8056,8101,8146,8168.5,8191,8236,8281,8327.0,8350.0
46,8373,8419,8465,8511,8534.0,8557,8603,8649,8696.0,8719.5
47,8743,8790,8837,8884,8907.5,8931,8978,9025,9073.0,9097.0
48,9121,9169,9217,9265,9289.0,9313,9361,9409,9458.0,9482.5
49,9507,9556,9605,9654,9678.5,9703,9752,9801,9851.0,9876.0
50,9901,9951,10001,10051,10076.0,10101,10151,10201,10252.0,10277.5
51,10303,10354,10405,10456,10481.5,10507,10558,10609,10661.0,10687.0
52,10713,10765,10817,10869,10895.0,10921,10973,11025,11078.0,11104.5
53,11131,11184,11237,11290,11316.5,11343,11396,11449,11503.0,11530.0
54,11557,11611,11665,11719,11746.0,11773,11827,11881,11936.0,11963.5
55,11991,12046,12101,12156,12183.5,12211,12266,12321,12377.0,12405.0
56,12433,12489,12545,12601,12629.0,12657,12713,12769,12826.0,12854.5
57,12883,12940,12997,13054,13082.5,13111,13168,13225,13283.0,13312.0
58,13341,13399,13457,13515,13544.0,13573,13631,13689,13748.0,13777.5
59,13807,13866,13925,13984,14013.5,14043,14102,14161,14221.0,14251.0
60,14281,14341,14401,14461,14491.0,14521,14581,14641,14702.0,14732.5
61,14763,14824,14885,14946,14976.5,15007,15068,15129,15191.0,15222.0
62,15253,15315,15377,15439,15470.0,15501,15563,15625,15688.0,15719.5
63,15751,15814,15877,15940,15971.5,16003,16066,16129,16193.0,16225.0
64,16257,16321,16385,16449,16481.0,16513,16577,16641,16706.0,16738.5
65,16771,16836,16901,16966,16998.5,17031,17096,17161,17227.0,17260.0
66,17293,17359,17425,17491,17524.0,17557,17623,17689,17756.0,17789.5
67,17823,17890,17957,18024,18057.5,18091,18158,18225,18293.0,18327.0
68,18361,18429,18497,18565,18599.0,18633,18701,18769,18838.0,18872.5
69,18907,18976,19045,19114,19148.5,19183,19252,19321,19391.0,19426.0
70,19461,19531,19601,19671,19706.0,19741,19811,19881,19952.0,19987.5
71,20023,20094,20165,20236,20271.5,20307,20378,20449,20521.0,20557.0
72,20593,20665,20737,20809,20845.0,20881,20953,21025,21098.0,21134.5
73,21171,21244,21317,21390,21426.5,21463,21536,21609,21683.0,21720.0
74,21757,21831,21905,21979,22016.0,22053,22127,22201,22276.0,22313.5
75,22351,22426,22501,22576,22613.5,22651,22726,22801,22877.0,22915.0
76,22953,23029,23105,23181,23219.0,23257,23333,23409,23486.0,23524.5
77,23563,23640,23717,23794,23832.5,23871,23948,24025,24103.0,24142.0
78,24181,24259,24337,24415,24454.0,24493,24571,24649,24728.0,24767.5
79,24807,24886,24965,25044,25083.5,25123,25202,25281,25361.0,25401.0
80,25441,25521,25601,25681,25721.0,25761,25841,25921,26002.0,26042.5
81,26083,26164,26245,26326,26366.5,26407,26488,26569,26651.0,26692.0
82,26733,26815,26897,26979,27020.0,27061,27143,27225,27308.0,27349.5
83,27391,27474,27557,27640,27681.5,27723,27806,27889,27973.0,28015.0
84,28057,28141,28225,28309,28351.0,28393,28477,28561,28646.0,28688.5
85,28731,28816,28901,28986,29028.5,29071,29156,29241,29327.0,29370.0
86,29413,29499,29585,29671,29714.0,29757,29843,29929,30016.0,30059.5
87,30103,30190,30277,30364,30407.5,30451,30538,30625,30713.0,30757.0
88,30801,30889,30977,31065,31109.0,31153,31241,31329,31418.0,31462.5
89,31507,31596,31685,31774,31818.5,31863,31952,32041,32131.0,32176.0
90,32221,32311,32401,32491,32536.0,32581,32671,32761,32852.0,32897.5
91,32943,33034,33125,33216,33261.5,33307,33398,33489,33581.0,33627.0
92,33673,33765,33857,33949,33995.0,34041,34133,34225,34318.0,34364.5
93,34411,34504,34597,34690,34736.5,34783,34876,34969,35063.0,35110.0
94,35157,35251,35345,35439,35486.0,35533,35627,35721,35816.0,35863.5
95,35911,36006,36101,36196,36243.5,36291,36386,36481,36577.0,36625.0
96,36673,36769,36865,36961,37009.0,37057,37153,37249,37346.0,37394.5
97,37443,37540,37637,37734,37782.5,37831,37928,38025,38123.0,38172.0
98,38221,38319,38417,38515,38564.0,38613,38711,38809,38908.0,38957.5
99,39007,39106,39205,39304,39353.5,39403,39502,39601,39701.0,39751.0
100,39801,39901,40001,40101,40151.0,40201,40301,40401,40502.0,40552.5
101,40603,40704,40805,40906,40956.5,41007,41108,41209,41311.0,41362.0
102,41413,41515,41617,41719,41770.0,41821,41923,42025,42128.0,42179.5
103,42231,42334,42437,42540,42591.5,42643,42746,42849,42953.0,43005.0
104,43057,43161,43265,43369,43421.0,43473,43577,43681,43786.0,43838.5
105,43891,43996,44101,44206,44258.5,44311,44416,44521,44627.0,44680.0
106,44733,44839,44945,45051,45104.0,45157,45263,45369,45476.0,45529.5
107,45583,45690,45797,45904,45957.5,46011,46118,46225,46333.0,46387.0
108,46441,46549,46657,46765,46819.0,46873,46981,47089,47198.0,47252.5
109,47307,47416,47525,47634,47688.5,47743,47852,47961,48071.0,48126.0
110,48181,48291,48401,48511,48566.0,48621,48731,48841,48952.0,49007.5
111,49063,49174,49285,49396,49451.5,49507,49618,49729,49841.0,49897.0
112,49953,50065,50177,50289,50345.0,50401,50513,50625,50738.0,50794.5
113,50851,50964,51077,51190,51246.5,51303,51416,51529,51643.0,51700.0
114,51757,51871,51985,52099,52156.0,52213,52327,52441,52556.0,52613.5
115,52671,52786,52901,53016,53073.5,53131,53246,53361,53477.0,53535.0
116,53593,53709,53825,53941,53999.0,54057,54173,54289,54406.0,54464.5
117,54523,54640,54757,54874,54932.5,54991,55108,55225,55343.0,55402.0
118,55461,55579,55697,55815,55874.0,55933,56051,56169,56288.0,56347.5
119,56407,56526,56645,56764,56823.5,56883,57002,57121,57241.0,57301.0
120,57361,57481,57601,57721,57781.0,57841,57961,58081,58202.0,58262.5
121,58323,58444,58565,58686,58746.5,58807,58928,59049,59171.0,59232.0
122,59293,59415,59537,59659,59720.0,59781,59903,60025,60148.0,60209.5
123,60271,60394,60517,60640,60701.5,60763,60886,61009,61133.0,61195.0
124,61257,61381,61505,61629,61691.0,61753,61877,62001,62126.0,62188.5
125,62251,62376,62501,62626,62688.5,62751,62876,63001,63127.0,63190.0
126,63253,63379,63505,63631,63694.0,63757,63883,64009,64136.0,64199.5
127,64263,64390,64517,64644,64707.5,64771,64898,65025,65153.0,65217.0
128,65281,65409,65537,65665,65729.0,65793,65921,66049,66178.0,66242.5
129,66307,66436,66565,66694,66758.5,66823,66952,67081,67211.0,67276.0
130,67341,67471,67601,67731,67796.0,67861,67991,68121,68252.0,68317.5
131,68383,68514,68645,68776,68841.5,68907,69038,69169,69301.0,69367.0
132,69433,69565,69697,69829,69895.0,69961,70093,70225,70358.0,70424.5
133,70491,70624,70757,70890,70956.5,71023,71156,71289,71423.0,71490.0
134,71557,71691,71825,71959,72026.0,72093,72227,72361,72496.0,72563.5
135,72631,72766,72901,73036,73103.5,73171,73306,73441,73577.0,73645.0
136,73713,73849,73985,74121,74189.0,74257,74393,74529,74666.0,74734.5
137,74803,74940,75077,75214,75282.5,75351,75488,75625,75763.0,75832.0
138,75901,76039,76177,76315,76384.0,76453,76591,76729,76868.0,76937.5
139,77007,77146,77285,77424,77493.5,77563,77702,77841,77981.0,78051.0
140,78121,78261,78401,78541,78611.0,78681,78821,78961,79102.0,79172.5
141,79243,79384,79525,79666,79736.5,79807,79948,80089,80231.0,80302.0
142,80373,80515,80657,80799,80870.0,80941,81083,81225,81368.0,81439.5
143,81511,81654,81797,81940,82011.5,82083,82226,82369,82513.0,82585.0
144,82657,82801,82945,83089,83161.0,83233,83377,83521,83666.0,83738.5
145,83811,83956,84101,84246,84318.5,84391,84536,84681,84827.0,84900.0
146,84973,85119,85265,85411,85484.0,85557,85703,85849,85996.0,86069.5
147,86143,86290,86437,86584,86657.5,86731,86878,87025,87173.0,87247.0
148,87321,87469,87617,87765,87839.0,87913,88061,88209,88358.0,88432.5
149,88507,88656,88805,88954,89028.5,89103,89252,89401,89551.0,89626.0
150,89701,89851,90001,90151,90226.0,90301,90451,90601,90752.0,90827.5
151,90903,91054,91205,91356,91431.5,91507,91658,91809,91961.0,92037.0
152,92113,92265,92417,92569,92645.0,92721,92873,93025,93178.0,93254.5
153,93331,93484,93637,93790,93866.5,93943,94096,94249,94403.0,94480.0
154,94557,94711,94865,95019,95096.0,95173,95327,95481,95636.0,95713.5
155,95791,95946,96101,96256,96333.5,96411,96566,96721,96877.0,96955.0
156,97033,97189,97345,97501,97579.0,97657,97813,97969,98126.0,98204.5
157,98283,98440,98597,98754,98832.5,98911,99068,99225,99383.0,99462.0
158,99541,99699,99857,100015,100094.0,100173,100331,100489,100648.0,100727.5
159,100807,100966,101125,101284,101363.5,101443,101602,101761,101921.0,102001.0
160,102081,102241,102401,102561,102641.0,102721,102881,103041,103202.0,103282.5
161,103363,103524,103685,103846,103926.5,104007,104168,104329,104491.0,104572.0
162,104653,104815,104977,105139,105220.0,105301,105463,105625,105788.0,105869.5
163,105951,106114,106277,106440,106521.5,106603,106766,106929,107093.0,107175.0
164,107257,107421,107585,107749,107831.0,107913,108077,108241,108406.0,108488.5
165,108571,108736,108901,109066,109148.5,109231,109396,109561,109727.0,109810.0
166,109893,110059,110225,110391,110474.0,110557,110723,110889,111056.0,111139.5
167,111223,111390,111557,111724,111807.5,111891,112058,112225,112393.0,112477.0
168,112561,112729,112897,113065,113149.0,113233,113401,113569,113738.0,113822.5
169,113907,114076,114245,114414,114498.5,114583,114752,114921,115091.0,115176.0
170,115261,115431,115601,115771,115856.0,115941,116111,116281,116452.0,116537.5
171,116623,116794,116965,117136,117221.5,117307,117478,117649,117821.0,117907.0
172,117993,118165,118337,118509,118595.0,118681,118853,119025,119198.0,119284.5
173,119371,119544,119717,119890,119976.5,120063,120236,120409,120583.0,120670.0
174,120757,120931,121105,121279,121366.0,121453,121627,121801,121976.0,122063.5
175,122151,122326,122501,122676,122763.5,122851,123026,123201,123377.0,123465.0
176,123553,123729,123905,124081,124169.0,124257,124433,124609,124786.0,124874.5
177,124963,125140,125317,125494,125582.5,125671,125848,126025,126203.0,126292.0
178,126381,126559,126737,126915,127004.0,127093,127271,127449,127628.0,127717.5
179,127807,127986,128165,128344,128433.5,128523,128702,128881,129061.0,129151.0
180,129241,129421,129601,129781,129871.0,129961,130141,130321,130502.0,130592.5
181,130683,130864,131045,131226,131316.5,131407,131588,131769,131951.0,132042.0
182,132133,132315,132497,132679,132770.0,132861,133043,133225,133408.0,133499.5
183,133591,133774,133957,134140,134231.5,134323,134506,134689,134873.0,134965.0
184,135057,135241,135425,135609,135701.0,135793,135977,136161,136346.0,136438.5
185,136531,136716,136901,137086,137178.5,137271,137456,137641,137827.0,137920.0
186,138013,138199,138385,138571,138664.0,138757,138943,139129,139316.0,139409.5
187,139503,139690,139877,140064,140157.5,140251,140438,140625,140813.0,140907.0
188,141001,141189,141377,141565,141659.0,141753,141941,142129,142318.0,142412.5
189,142507,142696,142885,143074,143168.5,143263,143452,143641,143831.0,143926.0
190,144021,144211,144401,144591,144686.0,144781,144971,145161,145352.0,145447.5
191,145543,145734,145925,146116,146211.5,146307,146498,146689,146881.0,146977.0
192,147073,147265,147457,147649,147745.0,147841,148033,148225,148418.0,148514.5
193,148611,148804,148997,149190,149286.5,149383,149576,149769,149963.0,150060.0
194,150157,150351,150545,150739,150836.0,150933,151127,151321,151516.0,151613.5
195,151711,151906,152101,152296,152393.5,152491,152686,152881,153077.0,153175.0
196,153273,153469,153665,153861,153959.0,154057,154253,154449,154646.0,154744.5
197,154843,155040,155237,155434,155532.5,155631,155828,156025,156223.0,156322.0
198,156421,156619,156817,157015,157114.0,157213,157411,157609,157808.0,157907.5
199,158007,158206,158405,158604,158703.5,158803,159002,159201,159401.0,159501.0
200,159601,159801,160001,160201,160301.0,160401,160601,160801,161002.0,161102.5
201,161203,161404,161605,161806,161906.5,162007,162208,162409,162611.0,162712.0
202,162813,163015,163217,163419,163520.0,163621,163823,164025,164228.0,164329.5
203,164431,164634,164837,165040,165141.5,165243,165446,165649,165853.0,165955.0
204,166057,166261,166465,166669,166771.0,166873,167077,167281,167486.0,167588.5
205,167691,167896,168101,168306,168408.5,168511,168716,168921,169127.0,169230.0
206,169333,169539,169745,169951,170054.0,170157,170363,170569,170776.0,170879.5
207,170983,171190,171397,171604,171707.5,171811,172018,172225,172433.0,172537.0
208,172641,172849,173057,173265,173369.0,173473,173681,173889,174098.0,174202.5
209,174307,174516,174725,174934,175038.5,175143,175352,175561,175771.0,175876.0
210,175981,176191,176401,176611,176716.0,176821,177031,177241,177452.0,177557.5
211,177663,177874,178085,178296,178401.5,178507,178718,178929,179141.0,179247.0
212,179353,179565,179777,179989,180095.0,180201,180413,180625,180838.0,180944.5
213,181051,181264,181477,181690,181796.5,181903,182116,182329,182543.0,182650.0
214,182757,182971,183185,183399,183506.0,183613,183827,184041,184256.0,184363.5
215,184471,184686,184901,185116,185223.5,185331,185546,185761,185977.0,186085.0
216,186193,186409,186625,186841,186949.0,187057,187273,187489,187706.0,187814.5
217,187923,188140,188357,188574,188682.5,188791,189008,189225,189443.0,189552.0
218,189661,189879,190097,190315,190424.0,190533,190751,190969,191188.0,191297.5
219,191407,191626,191845,192064,192173.5,192283,192502,192721,192941.0,193051.0
220,193161,193381,193601,193821,193931.0,194041,194261,194481,194702.0,194812.5
221,194923,195144,195365,195586,195696.5,195807,196028,196249,196471.0,196582.0
222,196693,196915,197137,197359,197470.0,197581,197803,198025,198248.0,198359.5
223,198471,198694,198917,199140,199251.5,199363,199586,199809,200033.0,200145.0
224,200257,200481,200705,200929,201041.0,201153,201377,201601,201826.0,201938.5
225,202051,202276,202501,202726,202838.5,202951,203176,203401,203627.0,203740.0
226,203853,204079,204305,204531,204644.0,204757,204983,205209,205436.0,205549.5
227,205663,205890,206117,206344,206457.5,206571,206798,207025,207253.0,207367.0
228,207481,207709,207937,208165,208279.0,208393,208621,208849,209078.0,209192.5
229,209307,209536,209765,209994,210108.5,210223,210452,210681,210911.0,211026.0
230,211141,211371,211601,211831,211946.0,212061,212291,212521,212752.0,212867.5
231,212983,213214,213445,213676,213791.5,213907,214138,214369,214601.0,214717.0
232,214833,215065,215297,215529,215645.0,215761,215993,216225,216458.0,216574.5
233,216691,216924,217157,217390,217506.5,217623,217856,218089,218323.0,218440.0
234,218557,218791,219025,219259,219376.0,219493,219727,219961,220196.0,220313.5
235,220431,220666,220901,221136,221253.5,221371,221606,221841,222077.0,222195.0
236,222313,222549,222785,223021,223139.0,223257,223493,223729,223966.0,224084.5
237,224203,224440,224677,224914,225032.5,225151,225388,225625,225863.0,225982.0
238,226101,226339,226577,226815,226934.0,227053,227291,227529,227768.0,227887.5
239,228007,228246,228485,228724,228843.5,228963,229202,229441,229681.0,229801.0
240,229921,230161,230401,230641,230761.0,230881,231121,231361,231602.0,231722.5
241,231843,232084,232325,232566,232686.5,232807,233048,233289,233531.0,233652.0
242,233773,234015,234257,234499,234620.0,234741,234983,235225,235468.0,235589.5
243,235711,235954,236197,236440,236561.5,236683,236926,237169,237413.0,237535.0
244,237657,237901,238145,238389,238511.0,238633,238877,239121,239366.0,239488.5
245,239611,239856,240101,240346,240468.5,240591,240836,241081,241327.0,241450.0
246,241573,241819,242065,242311,242434.0,242557,242803,243049,243296.0,243419.5
247,243543,243790,244037,244284,244407.5,244531,244778,245025,245273.0,245397.0
248,245521,245769,246017,246265,246389.0,246513,246761,247009,247258.0,247382.5
249,247507,247756,248005,248254,248378.5,248503,248752,249001,249251.0,249376.0
250,249501,249751,250001,250251,250376.0,250501,250751,251001,251252.0,251377.5
251,251503,251754,252005,252256,252381.5,252507,252758,253009,253261.0,253387.0
252,253513,253765,254017,254269,254395.0,254521,254773,255025,255278.0,255404.5
253,255531,255784,256037,256290,256416.5,256543,256796,257049,257303.0,257430.0
254,257557,257811,258065,258319,258446.0,258573,258827,259081,259336.0,259463.5
255,259591,259846,260101,260356,260483.5,260611,260866,261121,261377.0,261505.0
256,261633,261889,262145,262401,262529.0,262657,262913,263169,263426.0,263554.5
257,263683,263940,264197,264454,264582.5,264711,264968,265225,265483.0,265612.0
258,265741,265999,266257,266515,266644.0,266773,267031,267289,267548.0,267677.5
259,267807,268066,268325,268584,268713.5,268843,269102,269361,269621.0,269751.0
260,269881,270141,270401,270661,270791.0,270921,271181,271441,271702.0,271832.5
261,271963,272224,272485,272746,272876.5,273007,273268,273529,273791.0,273922.0
262,274053,274315,274577,274839,274970.0,275101,275363,275625,275888.0,276019.5
263,276151,276414,276677,276940,277071.5,277203,277466,277729,277993.0,278125.0
264,278257,278521,278785,279049,279181.0,279313,279577,279841,280106.0,280238.5
265,280371,280636,280901,281166,281298.5,281431,281696,281961,282227.0,282360.0
266,282493,282759,283025,283291,283424.0,283557,283823,284089,284356.0,284489.5
267,284623,284890,285157,285424,285557.5,285691,285958,286225,286493.0,286627.0
268,286761,287029,287297,287565,287699.0,287833,288101,288369,288638.0,288772.5
269,288907,289176,289445,289714,289848.5,289983,290252,290521,290791.0,290926.0
270,291061,291331,291601,291871,292006.0,292141,292411,292681,292952.0,293087.5
271,293223,293494,293765,294036,294171.5,294307,294578,294849,295121.0,295257.0
272,295393,295665,295937,296209,296345.0,296481,296753,297025,297298.0,297434.5
273,297571,297844,298117,298390,298526.5,298663,298936,299209,299483.0,299620.0
274,299757,300031,300305,300579,300716.0,300853,301127,301401,301676.0,301813.5
275,301951,302226,302501,302776,302913.5,303051,303326,303601,303877.0,304015.0
276,304153,304429,304705,304981,305119.0,305257,305533,305809,306086.0,306224.5
277,306363,306640,306917,307194,307332.5,307471,307748,308025,308303.0,308442.0
278,308581,308859,309137,309415,309554.0,309693,309971,310249,310528.0,310667.5
279,310807,311086,311365,311644,311783.5,311923,312202,312481,312761.0,312901.0
280,313041,313321,313601,313881,314021.0,314161,314441,314721,315002.0,315142.5
281,315283,315564,315845,316126,316266.5,316407,316688,316969,317251.0,317392.0
282,317533,317815,318097,318379,318520.0,318661,318943,319225,319508.0,319649.5
283,319791,320074,320357,320640,320781.5,320923,321206,321489,321773.0,321915.0
284,322057,322341,322625,322909,323051.0,323193,323477,323761,324046.0,324188.5
285,324331,324616,324901,325186,325328.5,325471,325756,326041,326327.0,326470.0
286,326613,326899,327185,327471,327614.0,327757,328043,328329,328616.0,328759.5
287,328903,329190,329477,329764,329907.5,330051,330338,330625,330913.0,331057.0
288,331201,331489,331777,332065,332209.0,332353,332641,332929,333218.0,333362.5
289,333507,333796,334085,334374,334518.5,334663,334952,335241,335531.0,335676.0
290,335821,336111,336401,336691,336836.0,336981,337271,337561,337852.0,337997.5
291,338143,338434,338725,339016,339161.5,339307,339598,339889,340181.0,340327.0
292,340473,340765,341057,341349,341495.0,341641,341933,342225,342518.0,342664.5
293,342811,343104,343397,343690,343836.5,343983,344276,344569,344863.0,345010.0
294,345157,345451,345745,346039,346186.0,346333,346627,346921,347216.0,347363.5
295,347511,347806,348101,348396,348543.5,348691,348986,349281,349577.0,349725.0
296,349873,350169,350465,350761,350909.0,351057,351353,351649,351946.0,352094.5
297,352243,352540,352837,353134,353282.5,353431,353728,354025,354323.0,354472.0
298,354621,354919,355217,355515,355664.0,355813,356111,356409,356708.0,356857.5
299,357007,357306,357605,357904,358053.5,358203,358502,358801,359101.0,359251.0
300,359401,359701,360001,360301,360451.0,360601,360901,361201,361502.0,361652.5
301,361803,362104,362405,362706,362856.5,363007,363308,363609,363911.0,364062.0
302,364213,364515,364817,365119,365270.0,365421,365723,366025,366328.0,366479.5
303,366631,366934,367237,367540,367691.5,367843,368146,368449,368753.0,368905.0
304,369057,369361,369665,369969,370121.0,370273,370577,370881,371186.0,371338.5
305,371491,371796,372101,372406,372558.5,372711,373016,373321,373627.0,373780.0
306,373933,374239,374545,374851,375004.0,375157,375463,375769,376076.0,376229.5
307,376383,376690,376997,377304,377457.5,377611,377918,378225,378533.0,378687.0
308,378841,379149,379457,379765,379919.0,380073,380381,380689,380998.0,381152.5
309,381307,381616,381925,382234,382388.5,382543,382852,383161,383471.0,383626.0
310,383781,384091,384401,384711,384866.0,385021,385331,385641,385952.0,386107.5
311,386263,386574,386885,387196,387351.5,387507,387818,388129,388441.0,388597.0
312,388753,389065,389377,389689,389845.0,390001,390313,390625,390938.0,391094.5
313,391251,391564,391877,392190,392346.5,392503,392816,393129,393443.0,393600.0
314,393757,394071,394385,394699,394856.0,395013,395327,395641,395956.0,396113.5
315,396271,396586,396901,397216,397373.5,397531,397846,398161,398477.0,398635.0
316,398793,399109,399425,399741,399899.0,400057,400373,400689,401006.0,401164.5
317,401323,401640,401957,402274,402432.5,402591,402908,403225,403543.0,403702.0
318,403861,404179,404497,404815,404974.0,405133,405451,405769,406088.0,406247.5
319,406407,406726,407045,407364,407523.5,407683,408002,408321,408641.0,408801.0
320,408961,409281,409601,409921,410081.0,410241,410561,410881,411202.0,411362.5
321,411523,411844,412165,412486,412646.5,412807,413128,413449,413771.0,413932.0
322,414093,414415,414737,415059,415220.0,415381,415703,416025,416348.0,416509.5
323,416671,416994,417317,417640,417801.5,417963,418286,418609,418933.0,419095.0
324,419257,419581,419905,420229,420391.0,420553,420877,421201,421526.0,421688.5
325,421851,422176,422501,422826,422988.5,423151,423476,423801,424127.0,424290.0
326,424453,424779,425105,425431,425594.0,425757,426083,426409,426736.0,426899.5
327,427063,427390,427717,428044,428207.5,428371,428698,429025,429353.0,429517.0
328,429681,430009,430337,430665,430829.0,430993,431321,431649,431978.0,432142.5
329,432307,432636,432965,433294,433458.5,433623,433952,434281,434611.0,434776.0
330,434941,435271,435601,435931,436096.0,436261,436591,436921,437252.0,437417.5
331,437583,437914,438245,438576,438741.5,438907,439238,439569,439901.0,440067.0
332,440233,440565,440897,441229,441395.0,441561,441893,442225,442558.0,442724.5
333,442891,443224,443557,443890,444056.5,444223,444556,444889,445223.0,445390.0
334,445557,445891,446225,446559,446726.0,446893,447227,447561,447896.0,448063.5
335,448231,448566,448901,449236,449403.5,449571,449906,450241,450577.0,450745.0
336,450913,451249,451585,451921,452089.0,452257,452593,452929,453266.0,453434.5
337,453603,453940,454277,454614,454782.5,454951,455288,455625,455963.0,456132.0
338,456301,456639,456977,457315,457484.0,457653,457991,458329,458668.0,458837.5
339,459007,459346,459685,460024,460193.5,460363,460702,461041,461381.0,461551.0
340,461721,462061,462401,462741,462911.0,463081,463421,463761,464102.0,464272.5
341,464443,464784,465125,465466,465636.5,465807,466148,466489,466831.0,467002.0
342,467173,467515,467857,468199,468370.0,468541,468883,469225,469568.0,469739.5
343,469911,470254,470597,470940,471111.5,471283,471626,471969,472313.0,472485.0
344,472657,473001,473345,473689,473861.0,474033,474377,474721,475066.0,475238.5
345,475411,475756,476101,476446,476618.5,476791,477136,477481,477827.0,478000.0
346,478173,478519,478865,479211,479384.0,479557,479903,480249,480596.0,480769.5
347,480943,481290,481637,481984,482157.5,482331,482678,483025,483373.0,483547.0
348,483721,484069,484417,484765,484939.0,485113,485461,485809,486158.0,486332.5
349,486507,486856,487205,487554,487728.5,487903,488252,488601,488951.0,489126.0
350,489301,489651,490001,490351,490526.0,490701,491051,491401,491752.0,491927.5
351,492103,492454,492805,493156,493331.5,493507,493858,494209,494561.0,494737.0
352,494913,495265,495617,495969,496145.0,496321,496673,497025,497378.0,497554.5
353,497731,498084,498437,498790,498966.5,499143,499496,499849,500203.0,500380.0
354,500557,500911,501265,501619,501796.0,501973,502327,502681,503036.0,503213.5
355,503391,503746,504101,504456,504633.5,504811,505166,505521,505877.0,506055.0
356,506233,506589,506945,507301,507479.0,507657,508013,508369,508726.0,508904.5
357,509083,509440,509797,510154,510332.5,510511,510868,511225,511583.0,511762.0
358,511941,512299,512657,513015,513194.0,513373,513731,514089,514448.0,514627.5
359,514807,515166,515525,515884,516063.5,516243,516602,516961,517321.0,517501.0
360,517681,518041,518401,518761,518941.0,519121,519481,519841,520202.0,520382.5
361,520563,520924,521285,521646,521826.5,522007,522368,522729,523091.0,523272.0
362,523453,523815,524177,524539,524720.0,524901,525263,525625,525988.0,526169.5
363,526351,526714,527077,527440,527621.5,527803,528166,528529,528893.0,529075.0
364,529257,529621,529985,530349,530531.0,530713,531077,531441,531806.0,531988.5
365,532171,532536,532901,533266,533448.5,533631,533996,534361,534727.0,534910.0
366,535093,535459,535825,536191,536374.0,536557,536923,537289,537656.0,537839.5
367,538023,538390,538757,539124,539307.5,539491,539858,540225,540593.0,540777.0
368,540961,541329,541697,542065,542249.0,542433,542801,543169,543538.0,543722.5
369,543907,544276,544645,545014,545198.5,545383,545752,546121,546491.0,546676.0
370,546861,547231,547601,547971,548156.0,548341,548711,549081,549452.0,549637.5
371,549823,550194,550565,550936,551121.5,551307,551678,552049,552421.0,552607.0
372,552793,553165,553537,553909,554095.0,554281,554653,555025,555398.0,555584.5
373,555771,556144,556517,556890,557076.5,557263,557636,558009,558383.0,558570.0
374,558757,559131,559505,559879,560066.0,560253,560627,561001,561376.0,561563.5
375,561751,562126,562501,562876,563063.5,563251,563626,564001,564377.0,564565.0
376,564753,565129,565505,565881,566069.0,566257,566633,567009,567386.0,567574.5
377,567763,568140,568517,568894,569082.5,569271,569648,570025,570403.0,570592.0
378,570781,571159,571537,571915,572104.0,572293,572671,573049,573428.0,573617.5
379,573807,574186,574565,574944,575133.5,575323,575702,576081,576461.0,576651.0
380,576841,577221,577601,577981,578171.0,578361,578741,579121,579502.0,579692.5
381,579883,580264,580645,581026,581216.5,581407,581788,582169,582551.0,582742.0
382,582933,583315,583697,584079,584270.0,584461,584843,585225,585608.0,585799.5
383,585991,586374,586757,587140,587331.5,587523,587906,588289,588673.0,588865.0
384,589057,589441,589825,590209,590401.0,590593,590977,591361,591746.0,591938.5
385,592131,592516,592901,593286,593478.5,593671,594056,594441,594827.0,595020.0
386,595213,595599,595985,596371,596564.0,596757,597143,597529,597916.0,598109.5
387,598303,598690,599077,599464,599657.5,599851,600238,600625,601013.0,601207.0
388,601401,601789,602177,602565,602759.0,602953,603341,603729,604118.0,604312.5
389,604507,604896,605285,605674,605868.5,606063,606452,606841,607231.0,607426.0
390,607621,608011,608401,608791,608986.0,609181,609571,609961,610352.0,610547.5
391,610743,611134,611525,611916,612111.5,612307,612698,613089,613481.0,613677.0
392,613873,614265,614657,615049,615245.0,615441,615833,616225,616618.0,616814.5
393,617011,617404,617797,618190,618386.5,618583,618976,619369,619763.0,619960.0
394,620157,620551,620945,621339,621536.0,621733,622127,622521,622916.0,623113.5
395,623311,623706,624101,624496,624693.5,624891,625286,625681,626077.0,626275.0
396,626473,626869,627265,627661,627859.0,628057,628453,628849,629246.0,629444.5
397,629643,630040,630437,630834,631032.5,631231,631628,632025,632423.0,632622.0
398,632821,633219,633617,634015,634214.0,634413,634811,635209,635608.0,635807.5
399,636007,636406,636805,637204,637403.5,637603,638002,638401,638801.0,639001.0
400,639201,639601,640001,640401,640601.0,640801,641201,641601,642002.0,642202.5
401,642403,642804,643205,643606,643806.5,644007,644408,644809,645211.0,645412.0
402,645613,646015,646417,646819,647020.0,647221,647623,648025,648428.0,648629.5
403,648831,649234,649637,650040,650241.5,650443,650846,651249,651653.0,651855.0
404,652057,652461,652865,653269,653471.0,653673,654077,654481,654886.0,655088.5
405,655291,655696,656101,656506,656708.5,656911,657316,657721,658127.0,658330.0
406,658533,658939,659345,659751,659954.0,660157,660563,660969,661376.0,661579.5
407,661783,662190,662597,663004,663207.5,663411,663818,664225,664633.0,664837.0
408,665041,665449,665857,666265,666469.0,666673,667081,667489,667898.0,668102.5
409,668307,668716,669125,669534,669738.5,669943,670352,670761,671171.0,671376.0
410,671581,671991,672401,672811,673016.0,673221,673631,674041,674452.0,674657.5
411,674863,675274,675685,676096,676301.5,676507,676918,677329,677741.0,677947.0
412,678153,678565,678977,679389,679595.0,679801,680213,680625,681038.0,681244.5
413,681451,681864,682277,682690,682896.5,683103,683516,683929,684343.0,684550.0
414,684757,685171,685585,685999,686206.0,686413,686827,687241,687656.0,687863.5
415,688071,688486,688901,689316,689523.5,689731,690146,690561,690977.0,691185.0
416,691393,691809,692225,692641,692849.0,693057,693473,693889,694306.0,694514.5
417,694723,695140,695557,695974,696182.5,696391,696808,697225,697643.0,697852.0
418,698061,698479,698897,699315,699524.0,699733,700151,700569,700988.0,701197.5
419,701407,701826,702245,702664,702873.5,703083,703502,703921,704341.0,704551.0
420,704761,705181,705601,706021,706231.0,706441,706861,707281,707702.0,707912.5
421,708123,708544,708965,709386,709596.5,709807,710228,710649,711071.0,711282.0
422,711493,711915,712337,712759,712970.0,713181,713603,714025,714448.0,714659.5
423,714871,715294,715717,716140,716351.5,716563,716986,717409,717833.0,718045.0
424,718257,718681,719105,719529,719741.0,719953,720377,720801,721226.0,721438.5
425,721651,722076,722501,722926,723138.5,723351,723776,724201,724627.0,724840.0
426,725053,725479,725905,726331,726544.0,726757,727183,727609,728036.0,728249.5
427,728463,728890,729317,729744,729957.5,730171,730598,731025,731453.0,731667.0
428,731881,732309,732737,733165,733379.0,733593,734021,734449,734878.0,735092.5
429,735307,735736,736165,736594,736808.5,737023,737452,737881,738311.0,738526.0
430,738741,739171,739601,740031,740246.0,740461,740891,741321,741752.0,741967.5
431,742183,742614,743045,743476,743691.5,743907,744338,744769,745201.0,745417.0
432,745633,746065,746497,746929,747145.0,747361,747793,748225,748658.0,748874.5
433,749091,749524,749957,750390,750606.5,750823,751256,751689,752123.0,752340.0
434,752557,752991,753425,753859,754076.0,754293,754727,755161,755596.0,755813.5
435,756031,756466,756901,757336,757553.5,757771,758206,758641,759077.0,759295.0
436,759513,759949,760385,760821,761039.0,761257,761693,762129,762566.0,762784.5
437,763003,763440,763877,764314,764532.5,764751,765188,765625,766063.0,766282.0
438,766501,766939,767377,767815,768034.0,768253,768691,769129,769568.0,769787.5
439,770007,770446,770885,771324,771543.5,771763,772202,772641,773081.0,773301.0
440,773521,773961,774401,774841,775061.0,775281,775721,776161,776602.0,776822.5
441,777043,777484,777925,778366,778586.5,778807,779248,779689,780131.0,780352.0
442,780573,781015,781457,781899,782120.0,782341,782783,783225,783668.0,783889.5
443,784111,784554,784997,785440,785661.5,785883,786326,786769,787213.0,787435.0
444,787657,788101,788545,788989,789211.0,789433,789877,790321,790766.0,790988.5
445,791211,791656,792101,792546,792768.5,792991,793436,793881,794327.0,794550.0
446,794773,795219,795665,796111,796334.0,796557,797003,797449,797896.0,798119.5
447,798343,798790,799237,799684,799907.5,800131,800578,801025,801473.0,801697.0
448,801921,802369,802817,803265,803489.0,803713,804161,804609,805058.0,805282.5
449,805507,805956,806405,806854,807078.5,807303,807752,808201,808651.0,808876.0
450,809101,809551,810001,810451,810676.0,810901,811351,811801,812252.0,812477.5
451,812703,813154,813605,814056,814281.5,814507,814958,815409,815861.0,816087.0
452,816313,816765,817217,817669,817895.0,818121,818573,819025,819478.0,819704.5
453,819931,820384,820837,821290,821516.5,821743,822196,822649,823103.0,823330.0
454,823557,824011,824465,824919,825146.0,825373,825827,826281,826736.0,826963.5
455,827191,827646,828101,828556,828783.5,829011,829466,829921,830377.0,830605.0
456,830833,831289,831745,832201,832429.0,832657,833113,833569,834026.0,834254.5
457,834483,834940,835397,835854,836082.5,836311,836768,837225,837683.0,837912.0
458,838141,838599,839057,839515,839744.0,839973,840431,840889,841348.0,841577.5
459,841807,842266,842725,843184,843413.5,843643,844102,844561,845021.0,845251.0
460,845481,845941,846401,846861,847091.0,847321,847781,848241,848702.0,848932.5
461,849163,849624,850085,850546,850776.5,851007,851468,851929,852391.0,852622.0
462,852853,853315,853777,854239,854470.0,854701,855163,855625,856088.0,856319.5
463,856551,857014,857477,857940,858171.5,858403,858866,859329,859793.0,860025.0
464,860257,860721,861185,861649,861881.0,862113,862577,863041,863506.0,863738.5
465,863971,864436,864901,865366,865598.5,865831,866296,866761,867227.0,867460.0
466,867693,868159,868625,869091,869324.0,869557,870023,870489,870956.0,871189.5
467,871423,871890,872357,872824,873057.5,873291,873758,874225,874693.0,874927.0
468,875161,875629,876097,876565,876799.0,877033,877501,877969,878438.0,878672.5
469,878907,879376,879845,880314,880548.5,880783,881252,881721,882191.0,882426.0
470,882661,883131,883601,884071,884306.0,884541,885011,885481,885952.0,886187.5
471,886423,886894,887365,887836,888071.5,888307,888778,889249,889721.0,889957.0
472,890193,890665,891137,891609,891845.0,892081,892553,893025,893498.0,893734.5
473,893971,894444,894917,895390,895626.5,895863,896336,896809,897283.0,897520.0
474,897757,898231,898705,899179,899416.0,899653,900127,900601,901076.0,901313.5
475,901551,902026,902501,902976,903213.5,903451,903926,904401,904877.0,905115.0
476,905353,905829,906305,906781,907019.0,907257,907733,908209,908686.0,908924.5
477,909163,909640,910117,910594,910832.5,911071,911548,912025,912503.0,912742.0
478,912981,913459,913937,914415,914654.0,914893,915371,915849,916328.0,916567.5
479,916807,917286,917765,918244,918483.5,918723,919202,919681,920161.0,920401.0
480,920641,921121,921601,922081,922321.0,922561,923041,923521,924002.0,924242.5
481,924483,924964,925445,925926,926166.5,926407,926888,927369,927851.0,928092.0
482,928333,928815,929297,929779,930020.0,930261,930743,931225,931708.0,931949.5
483,932191,932674,933157,933640,933881.5,934123,934606,935089,935573.0,935815.0
484,936057,936541,937025,937509,937751.0,937993,938477,938961,939446.0,939688.5
485,939931,940416,940901,941386,941628.5,941871,942356,942841,943327.0,943570.0
486,943813,944299,944785,945271,945514.0,945757,946243,946729,947216.0,947459.5
487,947703,948190,948677,949164,949407.5,949651,950138,950625,951113.0,951357.0
488,951601,952089,952577,953065,953309.0,953553,954041,954529,955018.0,955262.5
489,955507,955996,956485,956974,957218.5,957463,957952,958441,958931.0,959176.0
490,959421,959911,960401,960891,961136.0,961381,961871,962361,962852.0,963097.5
491,963343,963834,964325,964816,965061.5,965307,965798,966289,966781.0,967027.0
492,967273,967765,968257,968749,968995.0,969241,969733,970225,970718.0,970964.5
493,971211,971704,972197,972690,972936.5,973183,973676,974169,974663.0,974910.0
494,975157,975651,976145,976639,976886.0,977133,977627,978121,978616.0,978863.5
495,979111,979606,980101,980596,980843.5,981091,981586,982081,982577.0,982825.0
496,983073,983569,984065,984561,984809.0,985057,985553,986049,986546.0,986794.5
497,987043,987540,988037,988534,988782.5,989031,989528,990025,990523.0,990772.0
498,991021,991519,992017,992515,992764.0,993013,993511,994009,994508.0,994757.5
499,995007,995506,996005,996504,996753.5,997003,997502,998001,998501.0,998751.0
500,999001,999501,1000001,1000501,1000751.0,1001001,1001501,1002001,1002502.0,1002752.5
501,1003003,1003504,1004005,1004506,1004756.5,1005007,1005508,1006009,1006511.0,1006762.0
502,1007013,1007515,1008017,1008519,1008770.0,1009021,1009523,1010025,1010528.0,1010779.5
503,1011031,1011534,1012037,1012540,1012791.5,1013043,1013546,1014049,1014553.0,1014805.0
504,1015057,1015561,1016065,1016569,1016821.0,1017073,1017577,1018081,1018586.0,1018838.5
505,1019091,1019596,1020101,1020606,1020858.5,1021111,1021616,1022121,1022627.0,1022880.0
506,1023133,1023639,1024145,1024651,1024904.0,1025157,1025663,1026169,1026676.0,1026929.5
507,1027183,1027690,1028197,1028704,1028957.5,1029211,1029718,1030225,1030733.0,1030987.0
508,1031241,1031749,1032257,1032765,1033019.0,1033273,1033781,1034289,1034798.0,1035052.5
509,1035307,1035816,1036325,1036834,1037088.5,1037343,1037852,1038361,1038871.0,1039126.0
510,1039381,1039891,1040401,1040911,1041166.0,1041421,1041931,1042441,1042952.0,1043207.5
511,1043463,1043974,1044485,1044996,1045251.5,1045507,1046018,1046529,1047041.0,1047297.0
512,1047553,1048065,1048577,1049089,1049345.0,1049601,1050113,1050625,1051138.0,1051394.5
513,1051651,1052164,1052677,1053190,1053446.5,1053703,1054216,1054729,1055243.0,1055500.0
514,1055757,1056271,1056785,1057299,1057556.0,1057813,1058327,1058841,1059356.0,1059613.5
515,1059871,1060386,1060901,1061416,1061673.5,1061931,1062446,1062961,1063477.0,1063735.0
516,1063993,1064509,1065025,1065541,1065799.0,1066057,1066573,1067089,1067606.0,1067864.5
517,1068123,1068640,1069157,1069674,1069932.5,1070191,1070708,1071225,1071743.0,1072002.0
518,1072261,1072779,1073297,1073815,1074074.0,1074333,1074851,1075369,1075888.0,1076147.5
519,1076407,1076926,1077445,1077964,1078223.5,1078483,1079002,1079521,1080041.0,1080301.0
520,1080561,1081081,1081601,1082121,1082381.0,1082641,1083161,1083681,1084202.0,1084462.5
521,1084723,1085244,1085765,1086286,1086546.5,1086807,1087328,1087849,1088371.0,1088632.0
522,1088893,1089415,1089937,1090459,1090720.0,1090981,1091503,1092025,1092548.0,1092809.5
523,1093071,1093594,1094117,1094640,1094901.5,1095163,1095686,1096209,1096733.0,1096995.0
524,1097257,1097781,1098305,1098829,1099091.0,1099353,1099877,1100401,1100926.0,1101188.5
525,1101451,1101976,1102501,1103026,1103288.5,1103551,1104076,1104601,1105127.0,1105390.0
526,1105653,1106179,1106705,1107231,1107494.0,1107757,1108283,1108809,1109336.0,1109599.5
527,1109863,1110390,1110917,1111444,1111707.5,1111971,1112498,1113025,1113553.0,1113817.0
528,1114081,1114609,1115137,1115665,1115929.0,1116193,1116721,1117249,1117778.0,1118042.5
529,1118307,1118836,1119365,1119894,1120158.5,1120423,1120952,1121481,1122011.0,1122276.0
530,1122541,1123071,1123601,1124131,1124396.0,1124661,1125191,1125721,1126252.0,1126517.5
531,1126783,1127314,1127845,1128376,1128641.5,1128907,1129438,1129969,1130501.0,1130767.0
532,1131033,1131565,1132097,1132629,1132895.0,1133161,1133693,1134225,1134758.0,1135024.5
533,1135291,1135824,1136357,1136890,1137156.5,1137423,1137956,1138489,1139023.0,1139290.0
534,1139557,1140091,1140625,1141159,1141426.0,1141693,1142227,1142761,1143296.0,1143563.5
535,1143831,1144366,1144901,1145436,1145703.5,1145971,1146506,1147041,1147577.0,1147845.0
536,1148113,1148649,1149185,1149721,1149989.0,1150257,1150793,1151329,1151866.0,1152134.5
537,1152403,1152940,1153477,1154014,1154282.5,1154551,1155088,1155625,1156163.0,1156432.0
538,1156701,1157239,1157777,1158315,1158584.0,1158853,1159391,1159929,1160468.0,1160737.5
539,1161007,1161546,1162085,1162624,1162893.5,1163163,1163702,1164241,1164781.0,1165051.0
540,1165321,1165861,1166401,1166941,1167211.0,1167481,1168021,1168561,1169102.0,1169372.5
541,1169643,1170184,1170725,1171266,1171536.5,1171807,1172348,1172889,1173431.0,1173702.0
542,1173973,1174515,1175057,1175599,1175870.0,1176141,1176683,1177225,1177768.0,1178039.5
543,1178311,1178854,1179397,1179940,1180211.5,1180483,1181026,1181569,1182113.0,1182385.0
544,1182657,1183201,1183745,1184289,1184561.0,1184833,1185377,1185921,1186466.0,1186738.5
545,1187011,1187556,1188101,1188646,1188918.5,1189191,1189736,1190281,1190827.0,1191100.0
546,1191373,1191919,1192465,1193011,1193284.0,1193557,1194103,1194649,1195196.0,1195469.5
547,1195743,1196290,1196837,1197384,1197657.5,1197931,1198478,1199025,1199573.0,1199847.0
548,1200121,1200669,1201217,1201765,1202039.0,1202313,1202861,1203409,1203958.0,1204232.5
549,1204507,1205056,1205605,1206154,1206428.5,1206703,1207252,1207801,1208351.0,1208626.0
550,1208901,1209451,1210001,1210551,1210826.0,1211101,1211651,1212201,1212752.0,1213027.5
551,1213303,1213854,1214405,1214956,1215231.5,1215507,1216058,1216609,1217161.0,1217437.0
552,1217713,1218265,1218817,1219369,1219645.0,1219921,1220473,1221025,1221578.0,1221854.5
553,1222131,1222684,1223237,1223790,1224066.5,1224343,1224896,1225449,1226003.0,1226280.0
554,1226557,1227111,1227665,1228219,1228496.0,1228773,1229327,1229881,1230436.0,1230713.5
555,1230991,1231546,1232101,1232656,1232933.5,1233211,1233766,1234321,1234877.0,1235155.0
556,1235433,1235989,1236545,1237101,1237379.0,1237657,1238213,1238769,1239326.0,1239604.5
557,1239883,1240440,1240997,1241554,1241832.5,1242111,1242668,1243225,1243783.0,1244062.0
558,1244341,1244899,1245457,1246015,1246294.0,1246573,1247131,1247689,1248248.0,1248527.5
559,1248807,1249366,1249925,1250484,1250763.5,1251043,1251602,1252161,1252721.0,1253001.0
560,1253281,1253841,1254401,1254961,1255241.0,1255521,1256081,1256641,1257202.0,1257482.5
561,1257763,1258324,1258885,1259446,1259726.5,1260007,1260568,1261129,1261691.0,1261972.0
562,1262253,1262815,1263377,1263939,1264220.0,1264501,1265063,1265625,1266188.0,1266469.5
563,1266751,1267314,1267877,1268440,1268721.5,1269003,1269566,1270129,1270693.0,1270975.0
564,1271257,1271821,1272385,1272949,1273231.0,1273513,1274077,1274641,1275206.0,1275488.5
565,1275771,1276336,1276901,1277466,1277748.5,1278031,1278596,1279161,1279727.0,1280010.0
566,1280293,1280859,1281425,1281991,1282274.0,1282557,1283123,1283689,1284256.0,1284539.5
567,1284823,1285390,1285957,1286524,1286807.5,1287091,1287658,1288225,1288793.0,1289077.0
568,1289361,1289929,1290497,1291065,1291349.0,1291633,1292201,1292769,1293338.0,1293622.5
569,1293907,1294476,1295045,1295614,1295898.5,1296183,1296752,1297321,1297891.0,1298176.0
570,1298461,1299031,1299601,1300171,1300456.0,1300741,1301311,1301881,1302452.0,1302737.5
571,1303023,1303594,1304165,1304736,1305021.5,1305307,1305878,1306449,1307021.0,1307307.0
572,1307593,1308165,1308737,1309309,1309595.0,1309881,1310453,1311025,1311598.0,1311884.5
573,1312171,1312744,1313317,1313890,1314176.5,1314463,1315036,1315609,1316183.0,1316470.0
574,1316757,1317331,1317905,1318479,1318766.0,1319053,1319627,1320201,1320776.0,1321063.5
575,1321351,1321926,1322501,1323076,1323363.5,1323651,1324226,1324801,1325377.0,1325665.0
576,1325953,1326529,1327105,1327681,1327969.0,1328257,1328833,1329409,1329986.0,1330274.5
577,1330563,1331140,1331717,1332294,1332582.5,1332871,1333448,1334025,1334603.0,1334892.0
578,1335181,1335759,1336337,1336915,1337204.0,1337493,1338071,1338649,1339228.0,1339517.5
579,1339807,1340386,1340965,1341544,1341833.5,1342123,1342702,1343281,1343861.0,1344151.0
580,1344441,1345021,1345601,1346181,1346471.0,1346761,1347341,1347921,1348502.0,1348792.5
581,1349083,1349664,1350245,1350826,1351116.5,1351407,1351988,1352569,1353151.0,1353442.0
582,1353733,1354315,1354897,1355479,1355770.0,1356061,1356643,1357225,1357808.0,1358099.5
583,1358391,1358974,1359557,1360140,1360431.5,1360723,1361306,1361889,1362473.0,1362765.0
584,1363057,1363641,1364225,1364809,1365101.0,1365393,1365977,1366561,1367146.0,1367438.5
585,1367731,1368316,1368901,1369486,1369778.5,1370071,1370656,1371241,1371827.0,1372120.0
586,1372413,1372999,1373585,1374171,1374464.0,1374757,1375343,1375929,1376516.0,1376809.5
587,1377103,1377690,1378277,1378864,1379157.5,1379451,1380038,1380625,1381213.0,1381507.0
588,1381801,1382389,1382977,1383565,1383859.0,1384153,1384741,1385329,1385918.0,1386212.5
589,1386507,1387096,1387685,1388274,1388568.5,1388863,1389452,1390041,1390631.0,1390926.0
590,1391221,1391811,1392401,1392991,1393286.0,1393581,1394171,1394761,1395352.0,1395647.5
591,1395943,1396534,1397125,1397716,1398011.5,1398307,1398898,1399489,1400081.0,1400377.0
592,1400673,1401265,1401857,1402449,1402745.0,1403041,1403633,1404225,1404818.0,1405114.5
593,1405411,1406004,1406597,1407190,1407486.5,1407783,1408376,1408969,1409563.0,1409860.0
594,1410157,1410751,1411345,1411939,1412236.0,1412533,1413127,1413721,1414316.0,1414613.5
595,1414911,1415506,1416101,1416696,1416993.5,1417291,1417886,1418481,1419077.0,1419375.0
596,1419673,1420269,1420865,1421461,1421759.0,1422057,1422653,1423249,1423846.0,1424144.5
597,1424443,1425040,1425637,1426234,1426532.5,1426831,1427428,1428025,1428623.0,1428922.0
598,1429221,1429819,1430417,1431015,1431314.0,1431613,1432211,1432809,1433408.0,1433707.5
599,1434007,1434606,1435205,1435804,1436103.5,1436403,1437002,1437601,1438201.0,1438501.0
600,1438801,1439401,1440001,1440601,1440901.0,1441201,1441801,1442401,1443002.0,1443302.5
601,1443603,1444204,1444805,1445406,1445706.5,1446007,1446608,1447209,1447811.0,1448112.0
602,1448413,1449015,1449617,1450219,1450520.0,1450821,1451423,1452025,1452628.0,1452929.5
603,1453231,1453834,1454437,1455040,1455341.5,1455643,1456246,1456849,1457453.0,1457755.0
604,1458057,1458661,1459265,1459869,1460171.0,1460473,1461077,1461681,1462286.0,1462588.5
605,1462891,1463496,1464101,1464706,1465008.5,1465311,1465916,1466521,1467127.0,1467430.0
606,1467733,1468339,1468945,1469551,1469854.0,1470157,1470763,1471369,1471976.0,1472279.5
607,1472583,1473190,1473797,1474404,1474707.5,1475011,1475618,1476225,1476833.0,1477137.0
608,1477441,1478049,1478657,1479265,1479569.0,1479873,1480481,1481089,1481698.0,1482002.5
609,1482307,1482916,1483525,1484134,1484438.5,1484743,1485352,1485961,1486571.0,1486876.0
610,1487181,1487791,1488401,1489011,1489316.0,1489621,1490231,1490841,1491452.0,1491757.5
611,1492063,1492674,1493285,1493896,1494201.5,1494507,1495118,1495729,1496341.0,1496647.0
612,1496953,1497565,1498177,1498789,1499095.0,1499401,1500013,1500625,1501238.0,1501544.5
613,1501851,1502464,1503077,1503690,1503996.5,1504303,1504916,1505529,1506143.0,1506450.0
614,1506757,1507371,1507985,1508599,1508906.0,1509213,1509827,1510441,1511056.0,1511363.5
615,1511671,1512286,1512901,1513516,1513823.5,1514131,1514746,1515361,1515977.0,1516285.0
616,1516593,1517209,1517825,1518441,1518749.0,1519057,1519673,1520289,1520906.0,1521214.5
617,1521523,1522140,1522757,1523374,1523682.5,1523991,1524608,1525225,1525843.0,1526152.0
618,1526461,1527079,1527697,1528315,1528624.0,1528933,1529551,1530169,1530788.0,1531097.5
619,1531407,1532026,1532645,1533264,1533573.5,1533883,1534502,1535121,1535741.0,1536051.0
620,1536361,1536981,1537601,1538221,1538531.0,1538841,1539461,1540081,1540702.0,1541012.5
621,1541323,1541944,1542565,1543186,1543496.5,1543807,1544428,1545049,1545671.0,1545982.0
622,1546293,1546915,1547537,1548159,1548470.0,1548781,1549403,1550025,1550648.0,1550959.5
623,1551271,1551894,1552517,1553140,1553451.5,1553763,1554386,1555009,1555633.0,1555945.0
624,1556257,1556881,1557505,1558129,1558441.0,1558753,1559377,1560001,1560626.0,1560938.5
625,1561251,1561876,1562501,1563126,1563438.5,1563751,1564376,1565001,1565627.0,1565940.0
626,1566253,1566879,1567505,1568131,1568444.0,1568757,1569383,1570009,1570636.0,1570949.5
627,1571263,1571890,1572517,1573144,1573457.5,1573771,1574398,1575025,1575653.0,1575967.0
628,1576281,1576909,1577537,1578165,1578479.0,1578793,1579421,1580049,1580678.0,1580992.5
629,1581307,1581936,1582565,1583194,1583508.5,1583823,1584452,1585081,1585711.0,1586026.0
630,1586341,1586971,1587601,1588231,1588546.0,1588861,1589491,1590121,1590752.0,1591067.5
631,1591383,1592014,1592645,1593276,1593591.5,1593907,1594538,1595169,1595801.0,1596117.0
632,1596433,1597065,1597697,1598329,1598645.0,1598961,1599593,1600225,1600858.0,1601174.5
633,1601491,1602124,1602757,1603390,1603706.5,1604023,1604656,1605289,1605923.0,1606240.0
634,1606557,1607191,1607825,1608459,1608776.0,1609093,1609727,1610361,1610996.0,1611313.5
635,1611631,1612266,1612901,1613536,1613853.5,1614171,1614806,1615441,1616077.0,1616395.0
636,1616713,1617349,1617985,1618621,1618939.0,1619257,1619893,1620529,1621166.0,1621484.5
637,1621803,1622440,1623077,1623714,1624032.5,1624351,1624988,1625625,1626263.0,1626582.0
638,1626901,1627539,1628177,1628815,1629134.0,1629453,1630091,1630729,1631368.0,1631687.5
639,1632007,1632646,1633285,1633924,1634243.5,1634563,1635202,1635841,1636481.0,1636801.0
640,1637121,1637761,1638401,1639041,1639361.0,1639681,1640321,1640961,1641602.0,1641922.5
641,1642243,1642884,1643525,1644166,1644486.5,1644807,1645448,1646089,1646731.0,1647052.0
642,1647373,1648015,1648657,1649299,1649620.0,1649941,1650583,1651225,1651868.0,1652189.5
643,1652511,1653154,1653797,1654440,1654761.5,1655083,1655726,1656369,1657013.0,1657335.0
644,1657657,1658301,1658945,1659589,1659911.0,1660233,1660877,1661521,1662166.0,1662488.5
645,1662811,1663456,1664101,1664746,1665068.5,1665391,1666036,1666681,1667327.0,1667650.0
646,1667973,1668619,1669265,1669911,1670234.0,1670557,1671203,1671849,1672496.0,1672819.5
647,1673143,1673790,1674437,1675084,1675407.5,1675731,1676378,1677025,1677673.0,1677997.0
648,1678321,1678969,1679617,1680265,1680589.0,1680913,1681561,1682209,1682858.0,1683182.5
649,1683507,1684156,1684805,1685454,1685778.5,1686103,1686752,1687401,1688051.0,1688376.0
650,1688701,1689351,1690001,1690651,1690976.0,1691301,1691951,1692601,1693252.0,1693577.5
651,1693903,1694554,1695205,1695856,1696181.5,1696507,1697158,1697809,1698461.0,1698787.0
652,1699113,1699765,1700417,1701069,1701395.0,1701721,1702373,1703025,1703678.0,1704004.5
653,1704331,1704984,1705637,1706290,1706616.5,1706943,1707596,1708249,1708903.0,1709230.0
654,1709557,1710211,1710865,1711519,1711846.0,1712173,1712827,1713481,1714136.0,1714463.5
655,1714791,1715446,1716101,1716756,1717083.5,1717411,1718066,1718721,1719377.0,1719705.0
656,1720033,1720689,1721345,1722001,1722329.0,1722657,1723313,1723969,1724626.0,1724954.5
657,1725283,1725940,1726597,1727254,1727582.5,1727911,1728568,1729225,1729883.0,1730212.0
658,1730541,1731199,1731857,1732515,1732844.0,1733173,1733831,1734489,1735148.0,1735477.5
659,1735807,1736466,1737125,1737784,1738113.5,1738443,1739102,1739761,1740421.0,1740751.0
660,1741081,1741741,1742401,1743061,1743391.0,1743721,1744381,1745041,1745702.0,1746032.5
661,1746363,1747024,1747685,1748346,1748676.5,1749007,1749668,1750329,1750991.0,1751322.0
662,1751653,1752315,1752977,1753639,1753970.0,1754301,1754963,1755625,1756288.0,1756619.5
663,1756951,1757614,1758277,1758940,1759271.5,1759603,1760266,1760929,1761593.0,1761925.0
664,1762257,1762921,1763585,1764249,1764581.0,1764913,1765577,1766241,1766906.0,1767238.5
665,1767571,1768236,1768901,1769566,1769898.5,1770231,1770896,1771561,1772227.0,1772560.0
666,1772893,1773559,1774225,1774891,1775224.0,1775557,1776223,1776889,1777556.0,1777889.5
667,1778223,1778890,1779557,1780224,1780557.5,1780891,1781558,1782225,1782893.0,1783227.0
668,1783561,1784229,1784897,1785565,1785899.0,1786233,1786901,1787569,1788238.0,1788572.5
669,1788907,1789576,1790245,1790914,1791248.5,1791583,1792252,1792921,1793591.0,1793926.0
670,1794261,1794931,1795601,1796271,1796606.0,1796941,1797611,1798281,1798952.0,1799287.5
671,1799623,1800294,1800965,1801636,1801971.5,1802307,1802978,1803649,1804321.0,1804657.0
672,1804993,1805665,1806337,1807009,1807345.0,1807681,1808353,1809025,1809698.0,1810034.5
673,1810371,1811044,1811717,1812390,1812726.5,1813063,1813736,1814409,1815083.0,1815420.0
674,1815757,1816431,1817105,1817779,1818116.0,1818453,1819127,1819801,1820476.0,1820813.5
675,1821151,1821826,1822501,1823176,1823513.5,1823851,1824526,1825201,1825877.0,1826215.0
676,1826553,1827229,1827905,1828581,1828919.0,1829257,1829933,1830609,1831286.0,1831624.5
677,1831963,1832640,1833317,1833994,1834332.5,1834671,1835348,1836025,1836703.0,1837042.0
678,1837381,1838059,1838737,1839415,1839754.0,1840093,1840771,1841449,1842128.0,1842467.5
679,1842807,1843486,1844165,1844844,1845183.5,1845523,1846202,1846881,1847561.0,1847901.0
680,1848241,1848921,1849601,1850281,1850621.0,1850961,1851641,1852321,1853002.0,1853342.5
681,1853683,1854364,1855045,1855726,1856066.5,1856407,1857088,1857769,1858451.0,1858792.0
682,1859133,1859815,1860497,1861179,1861520.0,1861861,1862543,1863225,1863908.0,1864249.5
683,1864591,1865274,1865957,1866640,1866981.5,1867323,1868006,1868689,1869373.0,1869715.0
684,1870057,1870741,1871425,1872109,1872451.0,1872793,1873477,1874161,1874846.0,1875188.5
685,1875531,1876216,1876901,1877586,1877928.5,1878271,1878956,1879641,1880327.0,1880670.0
686,1881013,1881699,1882385,1883071,1883414.0,1883757,1884443,1885129,1885816.0,1886159.5
687,1886503,1887190,1887877,1888564,1888907.5,1889251,1889938,1890625,1891313.0,1891657.0
688,1892001,1892689,1893377,1894065,1894409.0,1894753,1895441,1896129,1896818.0,1897162.5
689,1897507,1898196,1898885,1899574,1899918.5,1900263,1900952,1901641,1902331.0,1902676.0
690,1903021,1903711,1904401,1905091,1905436.0,1905781,1906471,1907161,1907852.0,1908197.5
691,1908543,1909234,1909925,1910616,1910961.5,1911307,1911998,1912689,1913381.0,1913727.0
692,1914073,1914765,1915457,1916149,1916495.0,1916841,1917533,1918225,1918918.0,1919264.5
693,1919611,1920304,1920997,1921690,1922036.5,1922383,1923076,1923769,1924463.0,1924810.0
694,1925157,1925851,1926545,1927239,1927586.0,1927933,1928627,1929321,1930016.0,1930363.5
695,1930711,1931406,1932101,1932796,1933143.5,1933491,1934186,1934881,1935577.0,1935925.0
696,1936273,1936969,1937665,1938361,1938709.0,1939057,1939753,1940449,1941146.0,1941494.5
697,1941843,1942540,1943237,1943934,1944282.5,1944631,1945328,1946025,1946723.0,1947072.0
698,1947421,1948119,1948817,1949515,1949864.0,1950213,1950911,1951609,1952308.0,1952657.5
699,1953007,1953706,1954405,1955104,1955453.5,1955803,1956502,1957201,1957901.0,1958251.0
700,1958601,1959301,1960001,1960701,1961051.0,1961401,1962101,1962801,1963502.0,1963852.5
701,1964203,1964904,1965605,1966306,1966656.5,1967007,1967708,1968409,1969111.0,1969462.0
702,1969813,1970515,1971217,1971919,1972270.0,1972621,1973323,1974025,1974728.0,1975079.5
703,1975431,1976134,1976837,1977540,1977891.5,1978243,1978946,1979649,1980353.0,1980705.0
704,1981057,1981761,1982465,1983169,1983521.0,1983873,1984577,1985281,1985986.0,1986338.5
705,1986691,1987396,1988101,1988806,1989158.5,1989511,1990216,1990921,1991627.0,1991980.0
706,1992333,1993039,1993745,1994451,1994804.0,1995157,1995863,1996569,1997276.0,1997629.5
707,1997983,1998690,1999397,2000104,2000457.5,2000811,2001518,2002225,2002933.0,2003287.0
708,2003641,2004349,2005057,2005765,2006119.0,2006473,2007181,2007889,2008598.0,2008952.5
709,2009307,2010016,2010725,2011434,2011788.5,2012143,2012852,2013561,2014271.0,2014626.0
710,2014981,2015691,2016401,2017111,2017466.0,2017821,2018531,2019241,2019952.0,2020307.5
711,2020663,2021374,2022085,2022796,2023151.5,2023507,2024218,2024929,2025641.0,2025997.0
712,2026353,2027065,2027777,2028489,2028845.0,2029201,2029913,2030625,2031338.0,2031694.5
713,2032051,2032764,2033477,2034190,2034546.5,2034903,2035616,2036329,2037043.0,2037400.0
714,2037757,2038471,2039185,2039899,2040256.0,2040613,2041327,2042041,2042756.0,2043113.5
715,2043471,2044186,2044901,2045616,2045973.5,2046331,2047046,2047761,2048477.0,2048835.0
716,2049193,2049909,2050625,2051341,2051699.0,2052057,2052773,2053489,2054206.0,2054564.5
717,2054923,2055640,2056357,2057074,2057432.5,2057791,2058508,2059225,2059943.0,2060302.0
718,2060661,2061379,2062097,2062815,2063174.0,2063533,2064251,2064969,2065688.0,2066047.5
719,2066407,2067126,2067845,2068564,2068923.5,2069283,2070002,2070721,2071441.0,2071801.0
720,2072161,2072881,2073601,2074321,2074681.0,2075041,2075761,2076481,2077202.0,2077562.5
721,2077923,2078644,2079365,2080086,2080446.5,2080807,2081528,2082249,2082971.0,2083332.0
722,2083693,2084415,2085137,2085859,2086220.0,2086581,2087303,2088025,2088748.0,2089109.5
723,2089471,2090194,2090917,2091640,2092001.5,2092363,2093086,2093809,2094533.0,2094895.0
724,2095257,2095981,2096705,2097429,2097791.0,2098153,2098877,2099601,2100326.0,2100688.5
725,2101051,2101776,2102501,2103226,2103588.5,2103951,2104676,2105401,2106127.0,2106490.0
726,2106853,2107579,2108305,2109031,2109394.0,2109757,2110483,2111209,2111936.0,2112299.5
727,2112663,2113390,2114117,2114844,2115207.5,2115571,2116298,2117025,2117753.0,2118117.0
728,2118481,2119209,2119937,2120665,2121029.0,2121393,2122121,2122849,2123578.0,2123942.5
729,2124307,2125036,2125765,2126494,2126858.5,2127223,2127952,2128681,2129411.0,2129776.0
730,2130141,2130871,2131601,2132331,2132696.0,2133061,2133791,2134521,2135252.0,2135617.5
731,2135983,2136714,2137445,2138176,2138541.5,2138907,2139638,2140369,2141101.0,2141467.0
732,2141833,2142565,2143297,2144029,2144395.0,2144761,2145493,2146225,2146958.0,2147324.5
733,2147691,2148424,2149157,2149890,2150256.5,2150623,2151356,2152089,2152823.0,2153190.0
734,2153557,2154291,2155025,2155759,2156126.0,2156493,2157227,2157961,2158696.0,2159063.5
735,2159431,2160166,2160901,2161636,2162003.5,2162371,2163106,2163841,2164577.0,2164945.0
736,2165313,2166049,2166785,2167521,2167889.0,2168257,2168993,2169729,2170466.0,2170834.5
737,2171203,2171940,2172677,2173414,2173782.5,2174151,2174888,2175625,2176363.0,2176732.0
738,2177101,2177839,2178577,2179315,2179684.0,2180053,2180791,2181529,2182268.0,2182637.5
739,2183007,2183746,2184485,2185224,2185593.5,2185963,2186702,2187441,2188181.0,2188551.0
740,2188921,2189661,2190401,2191141,2191511.0,2191881,2192621,2193361,2194102.0,2194472.5
741,2194843,2195584,2196325,2197066,2197436.5,2197807,2198548,2199289,2200031.0,2200402.0
742,2200773,2201515,2202257,2202999,2203370.0,2203741,2204483,2205225,2205968.0,2206339.5
743,2206711,2207454,2208197,2208940,2209311.5,2209683,2210426,2211169,2211913.0,2212285.0
744,2212657,2213401,2214145,2214889,2215261.0,2215633,2216377,2217121,2217866.0,2218238.5
745,2218611,2219356,2220101,2220846,2221218.5,2221591,2222336,2223081,2223827.0,2224200.0
746,2224573,2225319,2226065,2226811,2227184.0,2227557,2228303,2229049,2229796.0,2230169.5
747,2230543,2231290,2232037,2232784,2233157.5,2233531,2234278,2235025,2235773.0,2236147.0
748,2236521,2237269,2238017,2238765,2239139.0,2239513,2240261,2241009,2241758.0,2242132.5
749,2242507,2243256,2244005,2244754,2245128.5,2245503,2246252,2247001,2247751.0,2248126.0
750,2248501,2249251,2250001,2250751,2251126.0,2251501,2252251,2253001,2253752.0,2254127.5
751,2254503,2255254,2256005,2256756,2257131.5,2257507,2258258,2259009,2259761.0,2260137.0
752,2260513,2261265,2262017,2262769,2263145.0,2263521,2264273,2265025,2265778.0,2266154.5
753,2266531,2267284,2268037,2268790,2269166.5,2269543,2270296,2271049,2271803.0,2272180.0
754,2272557,2273311,2274065,2274819,2275196.0,2275573,2276327,2277081,2277836.0,2278213.5
755,2278591,2279346,2280101,2280856,2281233.5,2281611,2282366,2283121,2283877.0,2284255.0
756,2284633,2285389,2286145,2286901,2287279.0,2287657,2288413,2289169,2289926.0,2290304.5
757,2290683,2291440,2292197,2292954,2293332.5,2293711,2294468,2295225,2295983.0,2296362.0
758,2296741,2297499,2298257,2299015,2299394.0,2299773,2300531,2301289,2302048.0,2302427.5
759,2302807,2303566,2304325,2305084,2305463.5,2305843,2306602,2307361,2308121.0,2308501.0
760,2308881,2309641,2310401,2311161,2311541.0,2311921,2312681,2313441,2314202.0,2314582.5
761,2314963,2315724,2316485,2317246,2317626.5,2318007,2318768,2319529,2320291.0,2320672.0
762,2321053,2321815,2322577,2323339,2323720.0,2324101,2324863,2325625,2326388.0,2326769.5
763,2327151,2327914,2328677,2329440,2329821.5,2330203,2330966,2331729,2332493.0,2332875.0
764,2333257,2334021,2334785,2335549,2335931.0,2336313,2337077,2337841,2338606.0,2338988.5
765,2339371,2340136,2340901,2341666,2342048.5,2342431,2343196,2343961,2344727.0,2345110.0
766,2345493,2346259,2347025,2347791,2348174.0,2348557,2349323,2350089,2350856.0,2351239.5
767,2351623,2352390,2353157,2353924,2354307.5,2354691,2355458,2356225,2356993.0,2357377.0
768,2357761,2358529,2359297,2360065,2360449.0,2360833,2361601,2362369,2363138.0,2363522.5
769,2363907,2364676,2365445,2366214,2366598.5,2366983,2367752,2368521,2369291.0,2369676.0
770,2370061,2370831,2371601,2372371,2372756.0,2373141,2373911,2374681,2375452.0,2375837.5
771,2376223,2376994,2377765,2378536,2378921.5,2379307,2380078,2380849,2381621.0,2382007.0
772,2382393,2383165,2383937,2384709,2385095.0,2385481,2386253,2387025,2387798.0,2388184.5
773,2388571,2389344,2390117,2390890,2391276.5,2391663,2392436,2393209,2393983.0,2394370.0
774,2394757,2395531,2396305,2397079,2397466.0,2397853,2398627,2399401,2400176.0,2400563.5
775,2400951,2401726,2402501,2403276,2403663.5,2404051,2404826,2405601,2406377.0,2406765.0
776,2407153,2407929,2408705,2409481,2409869.0,2410257,2411033,2411809,2412586.0,2412974.5
777,2413363,2414140,2414917,2415694,2416082.5,2416471,2417248,2418025,2418803.0,2419192.0
778,2419581,2420359,2421137,2421915,2422304.0,2422693,2423471,2424249,2425028.0,2425417.5
779,2425807,2426586,2427365,2428144,2428533.5,2428923,2429702,2430481,2431261.0,2431651.0
780,2432041,2432821,2433601,2434381,2434771.0,2435161,2435941,2436721,2437502.0,2437892.5
781,2438283,2439064,2439845,2440626,2441016.5,2441407,2442188,2442969,2443751.0,2444142.0
782,2444533,2445315,2446097,2446879,2447270.0,2447661,2448443,2449225,2450008.0,2450399.5
783,2450791,2451574,2452357,2453140,2453531.5,2453923,2454706,2455489,2456273.0,2456665.0
784,2457057,2457841,2458625,2459409,2459801.0,2460193,2460977,2461761,2462546.0,2462938.5
785,2463331,2464116,2464901,2465686,2466078.5,2466471,2467256,2468041,2468827.0,2469220.0
786,2469613,2470399,2471185,2471971,2472364.0,2472757,2473543,2474329,2475116.0,2475509.5
787,2475903,2476690,2477477,2478264,2478657.5,2479051,2479838,2480625,2481413.0,2481807.0
788,2482201,2482989,2483777,2484565,2484959.0,2485353,2486141,2486929,2487718.0,2488112.5
789,2488507,2489296,2490085,2490874,2491268.5,2491663,2492452,2493241,2494031.0,2494426.0
790,2494821,2495611,2496401,2497191,2497586.0,2497981,2498771,2499561,2500352.0,2500747.5
791,2501143,2501934,2502725,2503516,2503911.5,2504307,2505098,2505889,2506681.0,2507077.0
792,2507473,2508265,2509057,2509849,2510245.0,2510641,2511433,2512225,2513018.0,2513414.5
793,2513811,2514604,2515397,2516190,2516586.5,2516983,2517776,2518569,2519363.0,2519760.0
794,2520157,2520951,2521745,2522539,2522936.0,2523333,2524127,2524921,2525716.0,2526113.5
795,2526511,2527306,2528101,2528896,2529293.5,2529691,2530486,2531281,2532077.0,2532475.0
796,2532873,2533669,2534465,2535261,2535659.0,2536057,2536853,2537649,2538446.0,2538844.5
797,2539243,2540040,2540837,2541634,2542032.5,2542431,2543228,2544025,2544823.0,2545222.0
798,2545621,2546419,2547217,2548015,2548414.0,2548813,2549611,2550409,2551208.0,2551607.5
799,2552007,2552806,2553605,2554404,2554803.5,2555203,2556002,2556801,2557601.0,2558001.0
800,2558401,2559201,2560001,2560801,2561201.0,2561601,2562401,2563201,2564002.0,2564402.5
801,2564803,2565604,2566405,2567206,2567606.5,2568007,2568808,2569609,2570411.0,2570812.0
802,2571213,2572015,2572817,2573619,2574020.0,2574421,2575223,2576025,2576828.0,2577229.5
803,2577631,2578434,2579237,2580040,2580441.5,2580843,2581646,2582449,2583253.0,2583655.0
804,2584057,2584861,2585665,2586469,2586871.0,2587273,2588077,2588881,2589686.0,2590088.5
805,2590491,2591296,2592101,2592906,2593308.5,2593711,2594516,2595321,2596127.0,2596530.0
806,2596933,2597739,2598545,2599351,2599754.0,2600157,2600963,2601769,2602576.0,2602979.5
807,2603383,2604190,2604997,2605804,2606207.5,2606611,2607418,2608225,2609033.0,2609437.0
808,2609841,2610649,2611457,2612265,2612669.0,2613073,2613881,2614689,2615498.0,2615902.5
809,2616307,2617116,2617925,2618734,2619138.5,2619543,2620352,2621161,2621971.0,2622376.0
810,2622781,2623591,2624401,2625211,2625616.0,2626021,2626831,2627641,2628452.0,2628857.5
811,2629263,2630074,2630885,2631696,2632101.5,2632507,2633318,2634129,2634941.0,2635347.0
812,2635753,2636565,2637377,2638189,2638595.0,2639001,2639813,2640625,2641438.0,2641844.5
813,2642251,2643064,2643877,2644690,2645096.5,2645503,2646316,2647129,2647943.0,2648350.0
814,2648757,2649571,2650385,2651199,2651606.0,2652013,2652827,2653641,2654456.0,2654863.5
815,2655271,2656086,2656901,2657716,2658123.5,2658531,2659346,2660161,2660977.0,2661385.0
816,2661793,2662609,2663425,2664241,2664649.0,2665057,2665873,2666689,2667506.0,2667914.5
817,2668323,2669140,2669957,2670774,2671182.5,2671591,2672408,2673225,2674043.0,2674452.0
818,2674861,2675679,2676497,2677315,2677724.0,2678133,2678951,2679769,2680588.0,2680997.5
819,2681407,2682226,2683045,2683864,2684273.5,2684683,2685502,2686321,2687141.0,2687551.0
820,2687961,2688781,2689601,2690421,2690831.0,2691241,2692061,2692881,2693702.0,2694112.5
821,2694523,2695344,2696165,2696986,2697396.5,2697807,2698628,2699449,2700271.0,2700682.0
822,2701093,2701915,2702737,2703559,2703970.0,2704381,2705203,2706025,2706848.0,2707259.5
823,2707671,2708494,2709317,2710140,2710551.5,2710963,2711786,2712609,2713433.0,2713845.0
824,2714257,2715081,2715905,2716729,2717141.0,2717553,2718377,2719201,2720026.0,2720438.5
825,2720851,2721676,2722501,2723326,2723738.5,2724151,2724976,2725801,2726627.0,2727040.0
826,2727453,2728279,2729105,2729931,2730344.0,2730757,2731583,2732409,2733236.0,2733649.5
827,2734063,2734890,2735717,2736544,2736957.5,2737371,2738198,2739025,2739853.0,2740267.0
828,2740681,2741509,2742337,2743165,2743579.0,2743993,2744821,2745649,2746478.0,2746892.5
829,2747307,2748136,2748965,2749794,2750208.5,2750623,2751452,2752281,2753111.0,2753526.0
830,2753941,2754771,2755601,2756431,2756846.0,2757261,2758091,2758921,2759752.0,2760167.5
831,2760583,2761414,2762245,2763076,2763491.5,2763907,2764738,2765569,2766401.0,2766817.0
832,2767233,2768065,2768897,2769729,2770145.0,2770561,2771393,2772225,2773058.0,2773474.5
833,2773891,2774724,2775557,2776390,2776806.5,2777223,2778056,2778889,2779723.0,2780140.0
834,2780557,2781391,2782225,2783059,2783476.0,2783893,2784727,2785561,2786396.0,2786813.5
835,2787231,2788066,2788901,2789736,2790153.5,2790571,2791406,2792241,2793077.0,2793495.0
836,2793913,2794749,2795585,2796421,2796839.0,2797257,2798093,2798929,2799766.0,2800184.5
837,2800603,2801440,2802277,2803114,2803532.5,2803951,2804788,2805625,2806463.0,2806882.0
838,2807301,2808139,2808977,2809815,2810234.0,2810653,2811491,2812329,2813168.0,2813587.5
839,2814007,2814846,2815685,2816524,2816943.5,2817363,2818202,2819041,2819881.0,2820301.0
840,2820721,2821561,2822401,2823241,2823661.0,2824081,2824921,2825761,2826602.0,2827022.5
841,2827443,2828284,2829125,2829966,2830386.5,2830807,2831648,2832489,2833331.0,2833752.0
842,2834173,2835015,2835857,2836699,2837120.0,2837541,2838383,2839225,2840068.0,2840489.5
843,2840911,2841754,2842597,2843440,2843861.5,2844283,2845126,2845969,2846813.0,2847235.0
844,2847657,2848501,2849345,2850189,2850611.0,2851033,2851877,2852721,2853566.0,2853988.5
845,2854411,2855256,2856101,2856946,2857368.5,2857791,2858636,2859481,2860327.0,2860750.0
846,2861173,2862019,2862865,2863711,2864134.0,2864557,2865403,2866249,2867096.0,2867519.5
847,2867943,2868790,2869637,2870484,2870907.5,2871331,2872178,2873025,2873873.0,2874297.0
848,2874721,2875569,2876417,2877265,2877689.0,2878113,2878961,2879809,2880658.0,2881082.5
849,2881507,2882356,2883205,2884054,2884478.5,2884903,2885752,2886601,2887451.0,2887876.0
850,2888301,2889151,2890001,2890851,2891276.0,2891701,2892551,2893401,2894252.0,2894677.5
851,2895103,2895954,2896805,2897656,2898081.5,2898507,2899358,2900209,2901061.0,2901487.0
852,2901913,2902765,2903617,2904469,2904895.0,2905321,2906173,2907025,2907878.0,2908304.5
853,2908731,2909584,2910437,2911290,2911716.5,2912143,2912996,2913849,2914703.0,2915130.0
854,2915557,2916411,2917265,2918119,2918546.0,2918973,2919827,2920681,2921536.0,2921963.5
855,2922391,2923246,2924101,2924956,2925383.5,2925811,2926666,2927521,2928377.0,2928805.0
856,2929233,2930089,2930945,2931801,2932229.0,2932657,2933513,2934369,2935226.0,2935654.5
857,2936083,2936940,2937797,2938654,2939082.5,2939511,2940368,2941225,2942083.0,2942512.0
858,2942941,2943799,2944657,2945515,2945944.0,2946373,2947231,2948089,2948948.0,2949377.5
859,2949807,2950666,2951525,2952384,2952813.5,2953243,2954102,2954961,2955821.0,2956251.0
860,2956681,2957541,2958401,2959261,2959691.0,2960121,2960981,2961841,2962702.0,2963132.5
861,2963563,2964424,2965285,2966146,2966576.5,2967007,2967868,2968729,2969591.0,2970022.0
862,2970453,2971315,2972177,2973039,2973470.0,2973901,2974763,2975625,2976488.0,2976919.5
863,2977351,2978214,2979077,2979940,2980371.5,2980803,2981666,2982529,2983393.0,2983825.0
864,2984257,2985121,2985985,2986849,2987281.0,2987713,2988577,2989441,2990306.0,2990738.5
865,2991171,2992036,2992901,2993766,2994198.5,2994631,2995496,2996361,2997227.0,2997660.0
866,2998093,2998959,2999825,3000691,3001124.0,3001557,3002423,3003289,3004156.0,3004589.5
867,3005023,3005890,3006757,3007624,3008057.5,3008491,3009358,3010225,3011093.0,3011527.0
868,3011961,3012829,3013697,3014565,3014999.0,3015433,3016301,3017169,3018038.0,3018472.5
869,3018907,3019776,3020645,3021514,3021948.5,3022383,3023252,3024121,3024991.0,3025426.0
870,3025861,3026731,3027601,3028471,3028906.0,3029341,3030211,3031081,3031952.0,3032387.5
871,3032823,3033694,3034565,3035436,3035871.5,3036307,3037178,3038049,3038921.0,3039357.0
872,3039793,3040665,3041537,3042409,3042845.0,3043281,3044153,3045025,3045898.0,3046334.5
873,3046771,3047644,3048517,3049390,3049826.5,3050263,3051136,3052009,3052883.0,3053320.0
874,3053757,3054631,3055505,3056379,3056816.0,3057253,3058127,3059001,3059876.0,3060313.5
875,3060751,3061626,3062501,3063376,3063813.5,3064251,3065126,3066001,3066877.0,3067315.0
876,3067753,3068629,3069505,3070381,3070819.0,3071257,3072133,3073009,3073886.0,3074324.5
877,3074763,3075640,3076517,3077394,3077832.5,3078271,3079148,3080025,3080903.0,3081342.0
878,3081781,3082659,3083537,3084415,3084854.0,3085293,3086171,3087049,3087928.0,3088367.5
879,3088807,3089686,3090565,3091444,3091883.5,3092323,3093202,3094081,3094961.0,3095401.0
880,3095841,3096721,3097601,3098481,3098921.0,3099361,3100241,3101121,3102002.0,3102442.5
881,3102883,3103764,3104645,3105526,3105966.5,3106407,3107288,3108169,3109051.0,3109492.0
882,3109933,3110815,3111697,3112579,3113020.0,3113461,3114343,3115225,3116108.0,3116549.5
883,3116991,3117874,3118757,3119640,3120081.5,3120523,3121406,3122289,3123173.0,3123615.0
884,3124057,3124941,3125825,3126709,3127151.0,3127593,3128477,3129361,3130246.0,3130688.5
885,3131131,3132016,3132901,3133786,3134228.5,3134671,3135556,3136441,3137327.0,3137770.0
886,3138213,3139099,3139985,3140871,3141314.0,3141757,3142643,3143529,3144416.0,3144859.5
887,3145303,3146190,3147077,3147964,3148407.5,3148851,3149738,3150625,3151513.0,3151957.0
888,3152401,3153289,3154177,3155065,3155509.0,3155953,3156841,3157729,3158618.0,3159062.5
889,3159507,3160396,3161285,3162174,3162618.5,3163063,3163952,3164841,3165731.0,3166176.0
890,3166621,3167511,3168401,3169291,3169736.0,3170181,3171071,3171961,3172852.0,3173297.5
891,3173743,3174634,3175525,3176416,3176861.5,3177307,3178198,3179089,3179981.0,3180427.0
892,3180873,3181765,3182657,3183549,3183995.0,3184441,3185333,3186225,3187118.0,3187564.5
893,3188011,3188904,3189797,3190690,3191136.5,3191583,3192476,3193369,3194263.0,3194710.0
894,3195157,3196051,3196945,3197839,3198286.0,3198733,3199627,3200521,3201416.0,3201863.5
895,3202311,3203206,3204101,3204996,3205443.5,3205891,3206786,3207681,3208577.0,3209025.0
896,3209473,3210369,3211265,3212161,3212609.0,3213057,3213953,3214849,3215746.0,3216194.5
897,3216643,3217540,3218437,3219334,3219782.5,3220231,3221128,3222025,3222923.0,3223372.0
898,3223821,3224719,3225617,3226515,3226964.0,3227413,3228311,3229209,3230108.0,3230557.5
899,3231007,3231906,3232805,3233704,3234153.5,3234603,3235502,3236401,3237301.0,3237751.0
900,3238201,3239101,3240001,3240901,3241351.0,3241801,3242701,3243601,3244502.0,3244952.5
901,3245403,3246304,3247205,3248106,3248556.5,3249007,3249908,3250809,3251711.0,3252162.0
902,3252613,3253515,3254417,3255319,3255770.0,3256221,3257123,3258025,3258928.0,3259379.5
903,3259831,3260734,3261637,3262540,3262991.5,3263443,3264346,3265249,3266153.0,3266605.0
904,3267057,3267961,3268865,3269769,3270221.0,3270673,3271577,3272481,3273386.0,3273838.5
905,3274291,3275196,3276101,3277006,3277458.5,3277911,3278816,3279721,3280627.0,3281080.0
906,3281533,3282439,3283345,3284251,3284704.0,3285157,3286063,3286969,3287876.0,3288329.5
907,3288783,3289690,3290597,3291504,3291957.5,3292411,3293318,3294225,3295133.0,3295587.0
908,3296041,3296949,3297857,3298765,3299219.0,3299673,3300581,3301489,3302398.0,3302852.5
909,3303307,3304216,3305125,3306034,3306488.5,3306943,3307852,3308761,3309671.0,3310126.0
910,3310581,3311491,3312401,3313311,3313766.0,3314221,3315131,3316041,3316952.0,3317407.5
911,3317863,3318774,3319685,3320596,3321051.5,3321507,3322418,3323329,3324241.0,3324697.0
912,3325153,3326065,3326977,3327889,3328345.0,3328801,3329713,3330625,3331538.0,3331994.5
913,3332451,3333364,3334277,3335190,3335646.5,3336103,3337016,3337929,3338843.0,3339300.0
914,3339757,3340671,3341585,3342499,3342956.0,3343413,3344327,3345241,3346156.0,3346613.5
915,3347071,3347986,3348901,3349816,3350273.5,3350731,3351646,3352561,3353477.0,3353935.0
916,3354393,3355309,3356225,3357141,3357599.0,3358057,3358973,3359889,3360806.0,3361264.5
917,3361723,3362640,3363557,3364474,3364932.5,3365391,3366308,3367225,3368143.0,3368602.0
918,3369061,3369979,3370897,3371815,3372274.0,3372733,3373651,3374569,3375488.0,3375947.5
919,3376407,3377326,3378245,3379164,3379623.5,3380083,3381002,3381921,3382841.0,3383301.0
920,3383761,3384681,3385601,3386521,3386981.0,3387441,3388361,3389281,3390202.0,3390662.5
921,3391123,3392044,3392965,3393886,3394346.5,3394807,3395728,3396649,3397571.0,3398032.0
922,3398493,3399415,3400337,3401259,3401720.0,3402181,3403103,3404025,3404948.0,3405409.5
923,3405871,3406794,3407717,3408640,3409101.5,3409563,3410486,3411409,3412333.0,3412795.0
924,3413257,3414181,3415105,3416029,3416491.0,3416953,3417877,3418801,3419726.0,3420188.5
925,3420651,3421576,3422501,3423426,3423888.5,3424351,3425276,3426201,3427127.0,3427590.0
926,3428053,3428979,3429905,3430831,3431294.0,3431757,3432683,3433609,3434536.0,3434999.5
927,3435463,3436390,3437317,3438244,3438707.5,3439171,3440098,3441025,3441953.0,3442417.0
928,3442881,3443809,3444737,3445665,3446129.0,3446593,3447521,3448449,3449378.0,3449842.5
929,3450307,3451236,3452165,3453094,3453558.5,3454023,3454952,3455881,3456811.0,3457276.0
930,3457741,3458671,3459601,3460531,3460996.0,3461461,3462391,3463321,3464252.0,3464717.5
931,3465183,3466114,3467045,3467976,3468441.5,3468907,3469838,3470769,3471701.0,3472167.0
932,3472633,3473565,3474497,3475429,3475895.0,3476361,3477293,3478225,3479158.0,3479624.5
933,3480091,3481024,3481957,3482890,3483356.5,3483823,3484756,3485689,3486623.0,3487090.0
934,3487557,3488491,3489425,3490359,3490826.0,3491293,3492227,3493161,3494096.0,3494563.5
935,3495031,3495966,3496901,3497836,3498303.5,3498771,3499706,3500641,3501577.0,3502045.0
936,3502513,3503449,3504385,3505321,3505789.0,3506257,3507193,3508129,3509066.0,3509534.5
937,3510003,3510940,3511877,3512814,3513282.5,3513751,3514688,3515625,3516563.0,3517032.0
938,3517501,3518439,3519377,3520315,3520784.0,3521253,3522191,3523129,3524068.0,3524537.5
939,3525007,3525946,3526885,3527824,3528293.5,3528763,3529702,3530641,3531581.0,3532051.0
940,3532521,3533461,3534401,3535341,3535811.0,3536281,3537221,3538161,3539102.0,3539572.5
941,3540043,3540984,3541925,3542866,3543336.5,3543807,3544748,3545689,3546631.0,3547102.0
942,3547573,3548515,3549457,3550399,3550870.0,3551341,3552283,3553225,3554168.0,3554639.5
943,3555111,3556054,3556997,3557940,3558411.5,3558883,3559826,3560769,3561713.0,3562185.0
944,3562657,3563601,3564545,3565489,3565961.0,3566433,3567377,3568321,3569266.0,3569738.5
945,3570211,3571156,3572101,3573046,3573518.5,3573991,3574936,3575881,3576827.0,3577300.0
946,3577773,3578719,3579665,3580611,3581084.0,3581557,3582503,3583449,3584396.0,3584869.5
947,3585343,3586290,3587237,3588184,3588657.5,3589131,3590078,3591025,3591973.0,3592447.0
948,3592921,3593869,3594817,3595765,3596239.0,3596713,3597661,3598609,3599558.0,3600032.5
949,3600507,3601456,3602405,3603354,3603828.5,3604303,3605252,3606201,3607151.0,3607626.0
950,3608101,3609051,3610001,3610951,3611426.0,3611901,3612851,3613801,3614752.0,3615227.5
951,3615703,3616654,3617605,3618556,3619031.5,3619507,3620458,3621409,3622361.0,3622837.0
952,3623313,3624265,3625217,3626169,3626645.0,3627121,3628073,3629025,3629978.0,3630454.5
953,3630931,3631884,3632837,3633790,3634266.5,3634743,3635696,3636649,3637603.0,3638080.0
954,3638557,3639511,3640465,3641419,3641896.0,3642373,3643327,3644281,3645236.0,3645713.5
955,3646191,3647146,3648101,3649056,3649533.5,3650011,3650966,3651921,3652877.0,3653355.0
956,3653833,3654789,3655745,3656701,3657179.0,3657657,3658613,3659569,3660526.0,3661004.5
957,3661483,3662440,3663397,3664354,3664832.5,3665311,3666268,3667225,3668183.0,3668662.0
958,3669141,3670099,3671057,3672015,3672494.0,3672973,3673931,3674889,3675848.0,3676327.5
959,3676807,3677766,3678725,3679684,3680163.5,3680643,3681602,3682561,3683521.0,3684001.0
960,3684481,3685441,3686401,3687361,3687841.0,3688321,3689281,3690241,3691202.0,3691682.5
961,3692163,3693124,3694085,3695046,3695526.5,3696007,3696968,3697929,3698891.0,3699372.0
962,3699853,3700815,3701777,3702739,3703220.0,3703701,3704663,3705625,3706588.0,3707069.5
963,3707551,3708514,3709477,3710440,3710921.5,3711403,3712366,3713329,3714293.0,3714775.0
964,3715257,3716221,3717185,3718149,3718631.0,3719113,3720077,3721041,3722006.0,3722488.5
965,3722971,3723936,3724901,3725866,3726348.5,3726831,3727796,3728761,3729727.0,3730210.0
966,3730693,3731659,3732625,3733591,3734074.0,3734557,3735523,3736489,3737456.0,3737939.5
967,3738423,3739390,3740357,3741324,3741807.5,3742291,3743258,3744225,3745193.0,3745677.0
968,3746161,3747129,3748097,3749065,3749549.0,3750033,3751001,3751969,3752938.0,3753422.5
969,3753907,3754876,3755845,3756814,3757298.5,3757783,3758752,3759721,3760691.0,3761176.0
970,3761661,3762631,3763601,3764571,3765056.0,3765541,3766511,3767481,3768452.0,3768937.5
971,3769423,3770394,3771365,3772336,3772821.5,3773307,3774278,3775249,3776221.0,3776707.0
972,3777193,3778165,3779137,3780109,3780595.0,3781081,3782053,3783025,3783998.0,3784484.5
973,3784971,3785944,3786917,3787890,3788376.5,3788863,3789836,3790809,3791783.0,3792270.0
974,3792757,3793731,3794705,3795679,3796166.0,3796653,3797627,3798601,3799576.0,3800063.5
975,3800551,3801526,3802501,3803476,3803963.5,3804451,3805426,3806401,3807377.0,3807865.0
976,3808353,3809329,3810305,3811281,3811769.0,3812257,3813233,3814209,3815186.0,3815674.5
977,3816163,3817140,3818117,3819094,3819582.5,3820071,3821048,3822025,3823003.0,3823492.0
978,3823981,3824959,3825937,3826915,3827404.0,3827893,3828871,3829849,3830828.0,3831317.5
979,3831807,3832786,3833765,3834744,3835233.5,3835723,3836702,3837681,3838661.0,3839151.0
980,3839641,3840621,3841601,3842581,3843071.0,3843561,3844541,3845521,3846502.0,3846992.5
981,3847483,3848464,3849445,3850426,3850916.5,3851407,3852388,3853369,3854351.0,3854842.0
982,3855333,3856315,3857297,3858279,3858770.0,3859261,3860243,3861225,3862208.0,3862699.5
983,3863191,3864174,3865157,3866140,3866631.5,3867123,3868106,3869089,3870073.0,3870565.0
984,3871057,3872041,3873025,3874009,3874501.0,3874993,3875977,3876961,3877946.0,3878438.5
985,3878931,3879916,3880901,3881886,3882378.5,3882871,3883856,3884841,3885827.0,3886320.0
986,3886813,3887799,3888785,3889771,3890264.0,3890757,3891743,3892729,3893716.0,3894209.5
987,3894703,3895690,3896677,3897664,3898157.5,3898651,3899638,3900625,3901613.0,3902107.0
988,3902601,3903589,3904577,3905565,3906059.0,3906553,3907541,3908529,3909518.0,3910012.5
989,3910507,3911496,3912485,3913474,3913968.5,3914463,3915452,3916441,3917431.0,3917926.0
990,3918421,3919411,3920401,3921391,3921886.0,3922381,3923371,3924361,3925352.0,3925847.5
991,3926343,3927334,3928325,3929316,3929811.5,3930307,3931298,3932289,3933281.0,3933777.0
992,3934273,3935265,3936257,3937249,3937745.0,3938241,3939233,3940225,3941218.0,3941714.5
993,3942211,3943204,3944197,3945190,3945686.5,3946183,3947176,3948169,3949163.0,3949660.0
994,3950157,3951151,3952145,3953139,3953636.0,3954133,3955127,3956121,3957116.0,3957613.5
995,3958111,3959106,3960101,3961096,3961593.5,3962091,3963086,3964081,3965077.0,3965575.0
996,3966073,3967069,3968065,3969061,3969559.0,3970057,3971053,3972049,3973046.0,3973544.5
997,3974043,3975040,3976037,3977034,3977532.5,3978031,3979028,3980025,3981023.0,3981522.0
998,3982021,3983019,3984017,3985015,3985514.0,3986013,3987011,3988009,3989008.0,3989507.5
999,3990007,3991006,3992005,3993004,3993503.5,3994003,3995002,3996001,3997001.0,3997501.0
1000,3998001,3999001,4000001,4001001,4001501.0,4002001,4003001,4004001,4005002.0,4005502.5
1001,4006003,4007004,4008005,4009006,4009506.5,4010007,4011008,4012009,4013011.0,
